[{"id":0,"text":"Fiscal 2010 Financial Results\r\rFiscal 2010 was a year of record performance for our company. Each of our brands ended the year stronger than it began, and aggressive and proactive initiatives across the organization led to new milestones in profitability. We are pleased with the progress we made in merchandising, marketing, customer acquisition and customer service, as it was these initiatives that we believe have allowed us to attract new customers to our brands and gain profitable market share all year. In fiscal 2010, our net revenues increased 12.9% to $3,504,158,000 compared to $3,102,704,000 in fiscal 2009 and we increased our fiscal 2010 diluted earnings per share to $1.83 versus $0.72 in fiscal 2009. We also ended the year with $628,403,000 in cash after returning nearly $185,000,000 to our shareholders through stock repurchases and dividends.\r\rIn our direct-to-customer channel, net revenues in fiscal 2010 increased by $227,902,000, or 18.6%, compared to fiscal 2009. This increase was driven by 26.9% growth in Internet net revenues in fiscal 2010 compared to fiscal 2009. Increased net revenues during fiscal 2010 were driven by the Pottery Barn, Pottery Barn Kids and PBteen brands.\r\rRetail net revenues in fiscal 2010 increased by $173,552,000, or 9.2%, compared to fiscal 2009. This increase was driven by growth of 9.8% in comparable store sales, partially offset by a 4.1% year-over-year reduction in retail leased square footage, including 18 net fewer stores. Increased net revenues during fiscal 2010 were driven by the Pottery Barn, West Elm and Williams-Sonoma brands.\r\rIn our core brands, net revenues increased 12.3% compared to fiscal 2009 led by growth in the Pottery Barn brand. Sales trends improved in every concept and we saw significant growth in new customer acquisition.\r\rIn our emerging brands, net revenues increased 17.1% led by West Elm and PBteen, which continued to see net revenue and operating margin increases. In Williams-Sonoma Home, we completed the retail restructuring of the brand by closing all stand-alone retail stores.","mentions":[{"text":"Fiscal 2010","type":"EARNINGS_PERIOD","location":{"begin":0,"end":11}},{"text":"Fiscal 2010","type":"EARNINGS_PERIOD","location":{"begin":31,"end":42}},{"text":"fiscal 2010","type":"EARNINGS_PERIOD","location":{"begin":514,"end":525}},{"text":"increased","type":"FINANCIAL_OUTCOME","location":{"begin":544,"end":553}},{"text":"12.9%","type":"VALUE","location":{"begin":554,"end":559}},{"text":"$3,504,158,000","type":"VALUE","location":{"begin":563,"end":577}},{"text":"$3,102,704,000","type":"VALUE","location":{"begin":590,"end":604}},{"text":"fiscal 2009","type":"EARNINGS_PERIOD","location":{"begin":608,"end":619}},{"text":"increased","type":"FINANCIAL_OUTCOME","location":{"begin":627,"end":636}},{"text":"fiscal 2010","type":"EARNINGS_PERIOD","location":{"begin":641,"end":652}},{"text":"$1.83","type":"VALUE","location":{"begin":683,"end":688}},{"text":"$0.72","type":"VALUE","location":{"begin":696,"end":701}},{"text":"fiscal 2009","type":"EARNINGS_PERIOD","location":{"begin":705,"end":716}},{"text":"$628,403,000","type":"VALUE","location":{"begin":746,"end":758}},{"text":"$185,000,000","type":"VALUE","location":{"begin":790,"end":802}},{"text":"fiscal 2010","type":"EARNINGS_PERIOD","location":{"begin":916,"end":927}},{"text":"increased","type":"FINANCIAL_OUTCOME","location":{"begin":928,"end":937}},{"text":"$227,902,000","type":"VALUE","location":{"begin":941,"end":953}},{"text":"18.6%","type":"VALUE","location":{"begin":958,"end":963}},{"text":"fiscal 2009","type":"EARNINGS_PERIOD","location":{"begin":977,"end":988}},{"text":"increase","type":"FINANCIAL_OUTCOME","location":{"begin":995,"end":1003}},{"text":"26.9%","type":"VALUE","location":{"begin":1018,"end":1023}},{"text":"growth","type":"FINANCIAL_OUTCOME","location":{"begin":1024,"end":1030}},{"text":"fiscal 2010","type":"EARNINGS_PERIOD","location":{"begin":1059,"end":1070}},{"text":"fiscal 2009","type":"EARNINGS_PERIOD","location":{"begin":1083,"end":1094}},{"text":"Increased","type":"FINANCIAL_OUTCOME","location":{"begin":1096,"end":1105}},{"text":"fiscal 2010","type":"EARNINGS_PERIOD","location":{"begin":1126,"end":1137}},{"text":"Pottery Barn","type":"PRODUCT_SERVICE","location":{"begin":1157,"end":1169}},{"text":"Pottery Barn Kids","type":"PRODUCT_SERVICE","location":{"begin":1171,"end":1188}},{"text":"PBteen brands","type":"PRODUCT_SERVICE","location":{"begin":1193,"end":1206}},{"text":"fiscal 2010","type":"EARNINGS_PERIOD","location":{"begin":1232,"end":1243}},{"text":"increased","type":"FINANCIAL_OUTCOME","location":{"begin":1244,"end":1253}},{"text":"$173,552,000","type":"VALUE","location":{"begin":1257,"end":1269}},{"text":"9.2%","type":"VALUE","location":{"begin":1274,"end":1278}},{"text":"fiscal 2009","type":"EARNINGS_PERIOD","location":{"begin":1292,"end":1303}},{"text":"increase","type":"FINANCIAL_OUTCOME","location":{"begin":1310,"end":1318}},{"text":"growth","type":"FINANCIAL_OUTCOME","location":{"begin":1333,"end":1339}},{"text":"9.8%","type":"VALUE","location":{"begin":1343,"end":1347}},{"text":"4.1%","type":"VALUE","location":{"begin":1397,"end":1401}},{"text":"reduction","type":"FINANCIAL_OUTCOME","location":{"begin":1417,"end":1426}},{"text":"retail","type":"PRODUCT_SERVICE","location":{"begin":1430,"end":1436}},{"text":"Increased","type":"FINANCIAL_OUTCOME","location":{"begin":1491,"end":1500}},{"text":"fiscal 2010","type":"EARNINGS_PERIOD","location":{"begin":1521,"end":1532}},{"text":"Pottery Barn","type":"PRODUCT_SERVICE","location":{"begin":1552,"end":1564}},{"text":"West Elm","type":"PRODUCT_SERVICE","location":{"begin":1566,"end":1574}},{"text":"Williams-Sonoma brands","type":"PRODUCT_SERVICE","location":{"begin":1579,"end":1601}},{"text":"increased","type":"FINANCIAL_OUTCOME","location":{"begin":1637,"end":1646}},{"text":"12.3%","type":"VALUE","location":{"begin":1647,"end":1652}},{"text":"fiscal 2009","type":"EARNINGS_PERIOD","location":{"begin":1665,"end":1676}},{"text":"Pottery Barn","type":"PRODUCT_SERVICE","location":{"begin":1698,"end":1710}},{"text":"increased","type":"FINANCIAL_OUTCOME","location":{"begin":1854,"end":1863}},{"text":"17.1%","type":"VALUE","location":{"begin":1864,"end":1869}},{"text":"West Elm","type":"PRODUCT_SERVICE","location":{"begin":1877,"end":1885}},{"text":"increases","type":"FINANCIAL_OUTCOME","location":{"begin":1954,"end":1963}},{"text":"Williams-Sonoma Home","type":"PRODUCT_SERVICE","location":{"begin":1968,"end":1988}},{"text":"retail","type":"PRODUCT_SERVICE","location":{"begin":2007,"end":2013}},{"text":"retail","type":"PRODUCT_SERVICE","location":{"begin":2068,"end":2074}}]},{"id":1,"text":"Total expense and other (income) decreased 4.4 percent in 2017 compared to the prior year. The year-to-year decrease was primarily the result of continued focus on efficiency in spending and reduced expenses for workforce transformation. This included a lower level of workforce rebalancing charges (3 points), lower operational spending (2 points) and a prior-year charge for real estate actions (1 point). The year-to-year decrease in expense and other (income) was partially offset by spending related to acquisitions completed in the prior 12 months (1 point) and a decline in intellectual property (IP) income (1 point). Total operating (non-GAAP) expense and other (income) decreased 6.2 percent year to year, driven primarily by the same factors.","mentions":[{"text":"decreased","type":"FINANCIAL_OUTCOME","location":{"begin":33,"end":42}},{"text":"4.4 percent","type":"VALUE","location":{"begin":43,"end":54}},{"text":"2017","type":"EARNINGS_PERIOD","location":{"begin":58,"end":62}},{"text":"the prior year","type":"EARNINGS_PERIOD","location":{"begin":75,"end":89}},{"text":"decrease","type":"FINANCIAL_OUTCOME","location":{"begin":108,"end":116}},{"text":"lower level","type":"FINANCIAL_OUTCOME","location":{"begin":254,"end":265}},{"text":"3 points","type":"VALUE","location":{"begin":300,"end":308}},{"text":"lower","type":"FINANCIAL_OUTCOME","location":{"begin":311,"end":316}},{"text":"2 points","type":"VALUE","location":{"begin":339,"end":347}},{"text":"1 point","type":"VALUE","location":{"begin":398,"end":405}},{"text":"decrease","type":"FINANCIAL_OUTCOME","location":{"begin":425,"end":433}},{"text":"prior 12 months","type":"EARNINGS_PERIOD","location":{"begin":538,"end":553}},{"text":"1 point","type":"VALUE","location":{"begin":555,"end":562}},{"text":"1 point","type":"VALUE","location":{"begin":616,"end":623}},{"text":"decreased","type":"FINANCIAL_OUTCOME","location":{"begin":680,"end":689}},{"text":"6.2 percent","type":"VALUE","location":{"begin":690,"end":701}}]},{"id":2,"text":"North American net revenue totaled $335,303,000 in fiscal 1995, representing an increase of 7% over the $311,986,000 in net revenue generated in the prior year.  The increase was primarily due to the significant increase in CD based products for both personal computers and dedicated entertainment systems.  This increase was offset by a decrease in the volume of sales in the mature 16-bit cartridge market in North America.  International net revenues increased 49% to $158,043,000 in fiscal 1995 from $106,303,000 in fiscal 1994. The increase in international revenues was due primarily to the sale of CD based products, together with an increase in licensing activities in Europe.  This was partially offset by reduced Super NES revenue in Europe and Japan.","mentions":[{"text":"North American","type":"GEO","location":{"begin":0,"end":14}},{"text":"revenue","type":"REVENUE","location":{"begin":19,"end":26}},{"text":"$335,303,000","type":"VALUE","location":{"begin":35,"end":47}},{"text":"fiscal 1995","type":"EARNINGS_PERIOD","location":{"begin":51,"end":62}},{"text":"increase","type":"FINANCIAL_OUTCOME","location":{"begin":80,"end":88}},{"text":"7%","type":"VALUE","location":{"begin":92,"end":94}},{"text":"$311,986,000","type":"VALUE","location":{"begin":104,"end":116}},{"text":"revenue","type":"REVENUE","location":{"begin":124,"end":131}},{"text":"prior year","type":"EARNINGS_PERIOD","location":{"begin":149,"end":159}},{"text":"increase","type":"FINANCIAL_OUTCOME","location":{"begin":166,"end":174}},{"text":"increase","type":"FINANCIAL_OUTCOME","location":{"begin":212,"end":220}},{"text":"CD","type":"PRODUCT_SERVICE","location":{"begin":224,"end":226}},{"text":"personal computers","type":"PRODUCT_SERVICE","location":{"begin":251,"end":269}},{"text":"dedicated entertainment systems","type":"PRODUCT_SERVICE","location":{"begin":274,"end":305}},{"text":"increase","type":"FINANCIAL_OUTCOME","location":{"begin":313,"end":321}},{"text":"decrease","type":"FINANCIAL_OUTCOME","location":{"begin":338,"end":346}},{"text":"16-bit cartridge","type":"PRODUCT_SERVICE","location":{"begin":384,"end":400}},{"text":"North America","type":"GEO","location":{"begin":411,"end":424}},{"text":"International","type":"GEO","location":{"begin":427,"end":440}},{"text":"revenues","type":"REVENUE","location":{"begin":445,"end":453}},{"text":"increased","type":"FINANCIAL_OUTCOME","location":{"begin":454,"end":463}},{"text":"49%","type":"VALUE","location":{"begin":464,"end":467}},{"text":"$158,043,000","type":"VALUE","location":{"begin":471,"end":483}},{"text":"fiscal 1995","type":"EARNINGS_PERIOD","location":{"begin":487,"end":498}},{"text":"$106,303,000","type":"VALUE","location":{"begin":504,"end":516}},{"text":"fiscal 1994","type":"EARNINGS_PERIOD","location":{"begin":520,"end":531}},{"text":"increase","type":"FINANCIAL_OUTCOME","location":{"begin":537,"end":545}},{"text":"international","type":"GEO","location":{"begin":549,"end":562}},{"text":"revenues","type":"REVENUE","location":{"begin":563,"end":571}},{"text":"CD","type":"PRODUCT_SERVICE","location":{"begin":605,"end":607}},{"text":"increase","type":"FINANCIAL_OUTCOME","location":{"begin":641,"end":649}},{"text":"Europe","type":"GEO","location":{"begin":677,"end":683}},{"text":"reduced","type":"FINANCIAL_OUTCOME","location":{"begin":715,"end":722}},{"text":"Super NES","type":"PRODUCT_SERVICE","location":{"begin":723,"end":732}},{"text":"revenue","type":"REVENUE","location":{"begin":733,"end":740}},{"text":"Europe","type":"GEO","location":{"begin":744,"end":750}},{"text":"Japan","type":"GEO","location":{"begin":755,"end":760}}]},{"id":3,"text":"Solutions Software revenue of $12,806 million grew 1.7 percent as reported (1 percent adjusted for currency) compared to the prior year led by key areas including security, industry platforms and Watson offerings, as the company continued to embed cognitive into its security offerings and drive vertical solutions. In 2017, the company continued to expand the market for Watson Health which had strong double-digit revenue growth as reported and adjusted for currency compared to the prior year. Most of the strategic areas within Solutions Software have a Software-asa-Service (SaaS) delivery model and the company continues to build scale in these areas. For the full year, there was year-to-year growth in annuity revenue as reported and at constant currency with strong double-digit growth in SaaS revenue as reported and adjusted for currency.","mentions":[{"text":"Solutions Software","type":"PRODUCT_SERVICE","location":{"begin":0,"end":18}},{"text":"revenue","type":"REVENUE","location":{"begin":19,"end":26}},{"text":"$12,806 million","type":"VALUE","location":{"begin":30,"end":45}},{"text":"grew","type":"FINANCIAL_OUTCOME","location":{"begin":46,"end":50}},{"text":"1.7 percent","type":"VALUE","location":{"begin":51,"end":62}},{"text":"1 percent","type":"VALUE","location":{"begin":76,"end":85}},{"text":"prior year","type":"EARNINGS_PERIOD","location":{"begin":125,"end":135}},{"text":"Watson","type":"PRODUCT_SERVICE","location":{"begin":196,"end":202}},{"text":"2017","type":"EARNINGS_PERIOD","location":{"begin":319,"end":323}},{"text":"Watson","type":"PRODUCT_SERVICE","location":{"begin":372,"end":378}},{"text":"revenue","type":"REVENUE","location":{"begin":416,"end":423}},{"text":"growth","type":"FINANCIAL_OUTCOME","location":{"begin":424,"end":430}},{"text":"prior year","type":"EARNINGS_PERIOD","location":{"begin":485,"end":495}},{"text":"Solutions Software","type":"PRODUCT_SERVICE","location":{"begin":532,"end":550}},{"text":"full year","type":"EARNINGS_PERIOD","location":{"begin":666,"end":675}},{"text":"growth","type":"FINANCIAL_OUTCOME","location":{"begin":700,"end":706}},{"text":"growth","type":"FINANCIAL_OUTCOME","location":{"begin":788,"end":794}}]},{"id":4,"text":"Global Financing revenue of $450 million increased 0.8 percent year to year. Global Financing fourth quarter pre-tax income decreased 1.2 percent to $443 million and the pre-tax margin of 44.4 percent decreased 4.9 points year to year. The decrease in pre-tax income was driven by a decrease in gross profit and an increase in financing receivable provisions, partially offset by a decrease in SG&A expense.","mentions":[{"text":"Global Financing","type":"PRODUCT_SERVICE","location":{"begin":0,"end":16}},{"text":"$450 million","type":"VALUE","location":{"begin":28,"end":40}},{"text":"increased","type":"FINANCIAL_OUTCOME","location":{"begin":41,"end":50}},{"text":"0.8 percent","type":"VALUE","location":{"begin":51,"end":62}},{"text":"Global Financing","type":"PRODUCT_SERVICE","location":{"begin":77,"end":93}},{"text":"decreased","type":"FINANCIAL_OUTCOME","location":{"begin":124,"end":133}},{"text":"1.2 percent","type":"VALUE","location":{"begin":134,"end":145}},{"text":"$443 million","type":"VALUE","location":{"begin":149,"end":161}},{"text":"44.4 percent","type":"VALUE","location":{"begin":188,"end":200}},{"text":"decreased","type":"FINANCIAL_OUTCOME","location":{"begin":201,"end":210}},{"text":"4.9 points","type":"VALUE","location":{"begin":211,"end":221}},{"text":"decrease","type":"FINANCIAL_OUTCOME","location":{"begin":240,"end":248}}]},{"id":5,"text":"Fiscal year 2017 compared with fiscal year 2016 \nRevenue increased $4.6 billion or 5%, driven by growth in Productivity and Business Processes and Intelligent Cloud, offset in part by lower revenue from More Personal Computing. Productivity and Business Processes revenue increased, driven by the acquisition of LinkedIn and higher revenue from Microsoft Office. Intelligent Cloud revenue increased, primarily due to higher revenue from server products and cloud services. More Personal Computing revenue decreased, mainly due to lower revenue from Devices, offset in part by higher revenue from Windows and Search advertising. Revenue included an unfavorable foreign currency impact of 2%.\rGross margin increased $3.1 billion or 6%, due to growth across each of our segments, including the acquisition of LinkedIn, driven by higher revenue. Gross margin included an unfavorable foreign currency impact of 2%. Gross margin percentage increased slightly due to a margin percent increase in More Personal Computing and segment sales mix, offset in part by margin percent declines in Productivity and Business Processes and Intelligent Cloud. Gross margin percentage includes a 5-point improvement in commercial cloud gross margin primarily across Azure and Office 365.\rOperating income increased $2.1 billion or 11%, primarily due to higher gross margin and lower impairment, integration, and restructuring expenses, offset in part by an increase in research and development and sales and marketing expenses. Operating income included an operating loss of $948 million related to the acquisition of LinkedIn, including $866 million of amortization of intangible assets. Operating income also included an unfavorable foreign currency impact of 4%. Key changes in expenses were:  \r- Cost of revenue increased $1.5 billion or 5%, mainly due to growth in our commercial cloud, the acquisition of LinkedIn, and higher Search advertising traffic acquisition costs, offset in part by a reduction in phone sales and Gaming cost of revenue. \r- Research and development expenses increased $1.0 billion or 9%, primarily due to LinkedIn expenses and increased investments in cloud engineering, offset in part by a reduction in phone expenses. \r- Sales and marketing expenses increased $842 million or 6%, primarily due to LinkedIn expenses and increased investments in sales capacity for our commercial cloud, offset in part by a reduction in phone and marketing expenses.\r- Impairment, integration, and restructuring expenses decreased $804 million, driven by prior year asset impairment charges and restructuring charges related to our phone business, offset in part by current year employee severance expenses primarily related to our sales and marketing restructuring plan. \rDiluted earnings per share (EPS) was $2.71 for fiscal year 2017. Current year diluted EPS was negatively impacted by the net revenue deferral from Windows 10 and restructuring expenses, which resulted in a decrease in diluted EPS of $0.60. Diluted EPS was $2.10 for fiscal year 2016. Prior year diluted EPS was negatively impacted by the net revenue deferral from Windows 10 and impairment and restructuring expenses, which resulted in a decrease in diluted EPS of $0.69.","mentions":[{"text":"Fiscal year 2017","type":"EARNINGS_PERIOD","location":{"begin":0,"end":16}},{"text":"fiscal year 2016","type":"EARNINGS_PERIOD","location":{"begin":31,"end":47}},{"text":"increased","type":"FINANCIAL_OUTCOME","location":{"begin":57,"end":66}},{"text":"$4.6 billion","type":"VALUE","location":{"begin":67,"end":79}},{"text":"5%","type":"VALUE","location":{"begin":83,"end":85}},{"text":"growth","type":"FINANCIAL_OUTCOME","location":{"begin":97,"end":103}},{"text":"Productivity and Business Processes","type":"PRODUCT_SERVICE","location":{"begin":107,"end":142}},{"text":"Intelligent Cloud","type":"PRODUCT_SERVICE","location":{"begin":147,"end":164}},{"text":"lower revenue","type":"FINANCIAL_OUTCOME","location":{"begin":184,"end":197}},{"text":"More Personal Computing","type":"PRODUCT_SERVICE","location":{"begin":203,"end":226}},{"text":"Productivity and Business Processes","type":"PRODUCT_SERVICE","location":{"begin":228,"end":263}},{"text":"increased","type":"FINANCIAL_OUTCOME","location":{"begin":272,"end":281}},{"text":"higher revenue","type":"FINANCIAL_OUTCOME","location":{"begin":325,"end":339}},{"text":"Microsoft Office","type":"PRODUCT_SERVICE","location":{"begin":345,"end":361}},{"text":"Intelligent Cloud","type":"PRODUCT_SERVICE","location":{"begin":363,"end":380}},{"text":"increased","type":"FINANCIAL_OUTCOME","location":{"begin":389,"end":398}},{"text":"higher revenue","type":"FINANCIAL_OUTCOME","location":{"begin":417,"end":431}},{"text":"server","type":"PRODUCT_SERVICE","location":{"begin":437,"end":443}},{"text":"cloud services","type":"PRODUCT_SERVICE","location":{"begin":457,"end":471}},{"text":"More Personal Computing","type":"PRODUCT_SERVICE","location":{"begin":473,"end":496}},{"text":"decreased","type":"FINANCIAL_OUTCOME","location":{"begin":505,"end":514}},{"text":"lower revenue","type":"FINANCIAL_OUTCOME","location":{"begin":530,"end":543}},{"text":"Devices","type":"PRODUCT_SERVICE","location":{"begin":549,"end":556}},{"text":"higher revenue","type":"FINANCIAL_OUTCOME","location":{"begin":576,"end":590}},{"text":"Windows and Search","type":"PRODUCT_SERVICE","location":{"begin":596,"end":614}},{"text":"2%","type":"VALUE","location":{"begin":687,"end":689}},{"text":"increased","type":"FINANCIAL_OUTCOME","location":{"begin":704,"end":713}},{"text":"$3.1 billion","type":"VALUE","location":{"begin":714,"end":726}},{"text":"6%","type":"VALUE","location":{"begin":730,"end":732}},{"text":"growth","type":"FINANCIAL_OUTCOME","location":{"begin":741,"end":747}},{"text":"higher revenue","type":"FINANCIAL_OUTCOME","location":{"begin":826,"end":840}},{"text":"2%","type":"VALUE","location":{"begin":906,"end":908}},{"text":"increased slightly","type":"FINANCIAL_OUTCOME","location":{"begin":934,"end":952}},{"text":"increase","type":"FINANCIAL_OUTCOME","location":{"begin":977,"end":985}},{"text":"More Personal Computing","type":"PRODUCT_SERVICE","location":{"begin":989,"end":1012}},{"text":"Productivity and Business Processes","type":"PRODUCT_SERVICE","location":{"begin":1081,"end":1116}},{"text":"Intelligent Cloud","type":"PRODUCT_SERVICE","location":{"begin":1121,"end":1138}},{"text":"5-point","type":"VALUE","location":{"begin":1175,"end":1182}},{"text":"improvement","type":"FINANCIAL_OUTCOME","location":{"begin":1183,"end":1194}},{"text":"commercial cloud","type":"PRODUCT_SERVICE","location":{"begin":1198,"end":1214}},{"text":"Azure","type":"PRODUCT_SERVICE","location":{"begin":1245,"end":1250}},{"text":"Office 365","type":"PRODUCT_SERVICE","location":{"begin":1255,"end":1265}},{"text":"increased","type":"FINANCIAL_OUTCOME","location":{"begin":1284,"end":1293}},{"text":"$2.1 billion","type":"VALUE","location":{"begin":1294,"end":1306}},{"text":"11%","type":"VALUE","location":{"begin":1310,"end":1313}},{"text":"lower","type":"FINANCIAL_OUTCOME","location":{"begin":1356,"end":1361}},{"text":"increase","type":"FINANCIAL_OUTCOME","location":{"begin":1436,"end":1444}},{"text":"$948 million","type":"VALUE","location":{"begin":1554,"end":1566}},{"text":"$866 million","type":"VALUE","location":{"begin":1617,"end":1629}},{"text":"4%","type":"VALUE","location":{"begin":1741,"end":1743}},{"text":"increased","type":"FINANCIAL_OUTCOME","location":{"begin":1795,"end":1804}},{"text":"$1.5 billion","type":"VALUE","location":{"begin":1805,"end":1817}},{"text":"5%","type":"VALUE","location":{"begin":1821,"end":1823}},{"text":"growth","type":"FINANCIAL_OUTCOME","location":{"begin":1839,"end":1845}},{"text":"commercial cloud","type":"PRODUCT_SERVICE","location":{"begin":1853,"end":1869}},{"text":"phone","type":"PRODUCT_SERVICE","location":{"begin":1990,"end":1995}},{"text":"Gaming","type":"PRODUCT_SERVICE","location":{"begin":2006,"end":2012}},{"text":"Research and development","type":"PRODUCT_SERVICE","location":{"begin":2033,"end":2057}},{"text":"increased","type":"FINANCIAL_OUTCOME","location":{"begin":2067,"end":2076}},{"text":"$1.0 billion","type":"VALUE","location":{"begin":2077,"end":2089}},{"text":"9%","type":"VALUE","location":{"begin":2093,"end":2095}},{"text":"increased","type":"FINANCIAL_OUTCOME","location":{"begin":2136,"end":2145}},{"text":"cloud","type":"PRODUCT_SERVICE","location":{"begin":2161,"end":2166}},{"text":"phone","type":"PRODUCT_SERVICE","location":{"begin":2213,"end":2218}},{"text":"Sales and marketing","type":"PRODUCT_SERVICE","location":{"begin":2232,"end":2251}},{"text":"increased","type":"FINANCIAL_OUTCOME","location":{"begin":2261,"end":2270}},{"text":"$842 million","type":"VALUE","location":{"begin":2271,"end":2283}},{"text":"6%","type":"VALUE","location":{"begin":2287,"end":2289}},{"text":"increased","type":"FINANCIAL_OUTCOME","location":{"begin":2330,"end":2339}},{"text":"commercial cloud","type":"PRODUCT_SERVICE","location":{"begin":2378,"end":2394}},{"text":"phone","type":"PRODUCT_SERVICE","location":{"begin":2429,"end":2434}},{"text":"Impairment, integration, and restructuring","type":"PRODUCT_SERVICE","location":{"begin":2461,"end":2503}},{"text":"decreased","type":"FINANCIAL_OUTCOME","location":{"begin":2513,"end":2522}},{"text":"$804 million","type":"VALUE","location":{"begin":2523,"end":2535}},{"text":"prior year","type":"EARNINGS_PERIOD","location":{"begin":2547,"end":2557}},{"text":"phone","type":"PRODUCT_SERVICE","location":{"begin":2624,"end":2629}},{"text":"current year","type":"EARNINGS_PERIOD","location":{"begin":2658,"end":2670}},{"text":"$2.71","type":"VALUE","location":{"begin":2802,"end":2807}},{"text":"fiscal year 2017","type":"EARNINGS_PERIOD","location":{"begin":2812,"end":2828}},{"text":"Current year","type":"EARNINGS_PERIOD","location":{"begin":2830,"end":2842}},{"text":"negatively impacted","type":"FINANCIAL_OUTCOME","location":{"begin":2859,"end":2878}},{"text":"Windows 10","type":"PRODUCT_SERVICE","location":{"begin":2912,"end":2922}},{"text":"decrease","type":"FINANCIAL_OUTCOME","location":{"begin":2971,"end":2979}},{"text":"$0.60","type":"VALUE","location":{"begin":2998,"end":3003}},{"text":"$2.10","type":"VALUE","location":{"begin":3021,"end":3026}},{"text":"fiscal year 2016","type":"EARNINGS_PERIOD","location":{"begin":3031,"end":3047}},{"text":"Prior year","type":"EARNINGS_PERIOD","location":{"begin":3049,"end":3059}},{"text":"negatively impacted","type":"FINANCIAL_OUTCOME","location":{"begin":3076,"end":3095}},{"text":"Windows 10","type":"PRODUCT_SERVICE","location":{"begin":3129,"end":3139}},{"text":"decrease","type":"FINANCIAL_OUTCOME","location":{"begin":3203,"end":3211}},{"text":"$0.69","type":"VALUE","location":{"begin":3230,"end":3235}}]},{"id":6,"text":"From a segment perspective, Cognitive Solutions revenue increased 1.5 percent as reported and 1 percent adjusted for currency with growth in Solutions Software and Transaction Processing Software as reported and adjusted for currency. Solutions Software performance included growth in annuity revenue, led by as-a-Service solutions. Global Business Services (GBS) revenue decreased 2.1 percent as reported and 2 percent adjusted for currency with declines across all lines of business. However, GBS strategic imperatives revenue increased 10 percent as reported and adjusted for currency year to year. The GBS business continued to shift resources and move into the high-value strategic areas of digital, cloud and analytics. Technology Services & Cloud Platforms revenue decreased 3.0 percent as reported and 3 percent adjusted for currency, primarily driven by a decline in Infrastructure Services. Within Technology Services & Cloud Platforms, strategic imperatives revenue was up 19 percent as reported and 18 percent adjusted for currency year to year, driven by hybrid cloud services, security and mobile. Systems revenue increased 6.2 percent as reported and 5 percent adjusted for currency driven by contributions from the z14 mainframe in the second half of 2017 and growth in Storage Systems.","mentions":[{"text":"Cognitive Solutions","type":"PRODUCT_SERVICE","location":{"begin":28,"end":47}},{"text":"increased","type":"FINANCIAL_OUTCOME","location":{"begin":56,"end":65}},{"text":"1.5 percent","type":"VALUE","location":{"begin":66,"end":77}},{"text":"1 percent","type":"VALUE","location":{"begin":94,"end":103}},{"text":"Solutions Software","type":"PRODUCT_SERVICE","location":{"begin":141,"end":159}},{"text":"Transaction Processing Software","type":"PRODUCT_SERVICE","location":{"begin":164,"end":195}},{"text":"Solutions Software","type":"PRODUCT_SERVICE","location":{"begin":235,"end":253}},{"text":"growth","type":"FINANCIAL_OUTCOME","location":{"begin":275,"end":281}},{"text":"as-a-Service solutions","type":"PRODUCT_SERVICE","location":{"begin":309,"end":331}},{"text":"Global Business Services (GBS)","type":"PRODUCT_SERVICE","location":{"begin":333,"end":363}},{"text":"decreased","type":"FINANCIAL_OUTCOME","location":{"begin":372,"end":381}},{"text":"2.1 percent","type":"VALUE","location":{"begin":382,"end":393}},{"text":"2 percent","type":"VALUE","location":{"begin":410,"end":419}},{"text":"GBS strategic","type":"PRODUCT_SERVICE","location":{"begin":495,"end":508}},{"text":"imperatives","type":"PRODUCT_SERVICE","location":{"begin":509,"end":520}},{"text":"increased","type":"FINANCIAL_OUTCOME","location":{"begin":529,"end":538}},{"text":"10 percent","type":"VALUE","location":{"begin":539,"end":549}},{"text":"GBS business","type":"PRODUCT_SERVICE","location":{"begin":606,"end":618}},{"text":"digital","type":"PRODUCT_SERVICE","location":{"begin":696,"end":703}},{"text":"cloud","type":"PRODUCT_SERVICE","location":{"begin":705,"end":710}},{"text":"analytics","type":"PRODUCT_SERVICE","location":{"begin":715,"end":724}},{"text":"Technology Services & Cloud Platforms","type":"PRODUCT_SERVICE","location":{"begin":726,"end":763}},{"text":"decreased","type":"FINANCIAL_OUTCOME","location":{"begin":772,"end":781}},{"text":"3.0 percent","type":"VALUE","location":{"begin":782,"end":793}},{"text":"3 percent","type":"VALUE","location":{"begin":810,"end":819}},{"text":"Infrastructure Services","type":"PRODUCT_SERVICE","location":{"begin":876,"end":899}},{"text":"Technology Services & Cloud Platforms","type":"PRODUCT_SERVICE","location":{"begin":908,"end":945}},{"text":"was up","type":"FINANCIAL_OUTCOME","location":{"begin":977,"end":983}},{"text":"19 percent","type":"VALUE","location":{"begin":984,"end":994}},{"text":"18 percent","type":"VALUE","location":{"begin":1011,"end":1021}},{"text":"hybrid cloud services","type":"PRODUCT_SERVICE","location":{"begin":1068,"end":1089}},{"text":"security","type":"PRODUCT_SERVICE","location":{"begin":1091,"end":1099}},{"text":"mobile","type":"PRODUCT_SERVICE","location":{"begin":1104,"end":1110}},{"text":"Systems","type":"PRODUCT_SERVICE","location":{"begin":1112,"end":1119}},{"text":"increased","type":"FINANCIAL_OUTCOME","location":{"begin":1128,"end":1137}},{"text":"6.2 percent","type":"VALUE","location":{"begin":1138,"end":1149}},{"text":"5 percent","type":"VALUE","location":{"begin":1166,"end":1175}},{"text":"z14 mainframe","type":"PRODUCT_SERVICE","location":{"begin":1231,"end":1244}},{"text":"the second half of 2017","type":"EARNINGS_PERIOD","location":{"begin":1248,"end":1271}},{"text":"Storage Systems","type":"PRODUCT_SERVICE","location":{"begin":1286,"end":1301}}]},{"id":7,"text":"We generate revenue by licensing and supporting an array of software products, by offering a wide range of cloud-based and other services to consumers and businesses, by designing, manufacturing, and selling devices that integrate with our cloud-based services, and by delivering relevant online advertising to a global audience. Our most significant expenses are related to compensating employees; designing, manufacturing, marketing, and selling our products and services; datacenter costs in support of our cloud-based services; and income taxes. \rHighlights* from fiscal year 2017 included: \r- Commercial cloud annualized revenue run rate** exceeded $18.9 billion. \r- Office Commercial revenue grew 6%, driven by Office 365 commercial revenue growth of 46%.\r- Office Consumer revenue grew 14%, and Office 365 consumer subscribers increased to 27.0 million.  \r- Microsoft Dynamics revenue grew 9%, driven by Dynamics 365 revenue growth of 78%.  \r- LinkedIn contributed revenue of $2.3 billion.  \r- Server products and cloud services revenue grew 13%, driven by Microsoft Azure revenue growth of 99%.   \r- Enterprise Services revenue decreased 2%, driven by a decline in revenue from custom support agreements, offset in part by higher revenue from Premier Support Services and Microsoft Consulting Services.\r- Windows original equipment manufacturer licensing (Windows OEM) revenue increased 3%.\r- Windows Commercial revenue grew 5%, driven by multi-year agreement revenue.\r- Microsoft Surface revenue decreased 2%, driven by a reduction in volumes sold, offset in part by a higher mix of premium devices.\r- Search advertising revenue, excluding traffic acquisition costs, grew 9%.  \r- Gaming revenue decreased slightly, driven by lower Xbox hardware revenue, offset in part by growth in Xbox software and services.  \r\r* Highlights are presented based on segment results. \r** Commercial cloud annualized revenue run rate is calculated by multiplying revenue for the last month of the quarter by twelve for Office 365 commercial, Azure, Dynamics 365, and other cloud properties. \rOn December 8, 2016, we completed our acquisition of LinkedIn Corporation for a total purchase price of $27.0 billion. LinkedIn has been included in our consolidated results of operations since the date of acquisition. See Note 9 Business Combinations in the Notes to Financial Statements (Part II, Item 8 of this Form 10-K) for further discussion.\rIn November 2016, we completed the sale of our feature phone business for $350 million.","mentions":[{"text":"cloud-based and other services","type":"PRODUCT_SERVICE","location":{"begin":107,"end":137}},{"text":"cloud-based services","type":"PRODUCT_SERVICE","location":{"begin":240,"end":260}},{"text":"global","type":"GEO","location":{"begin":313,"end":319}},{"text":"cloud-based services","type":"PRODUCT_SERVICE","location":{"begin":510,"end":530}},{"text":"fiscal year 2017","type":"EARNINGS_PERIOD","location":{"begin":568,"end":584}},{"text":"Commercial cloud","type":"PRODUCT_SERVICE","location":{"begin":598,"end":614}},{"text":"$18.9 billion","type":"VALUE","location":{"begin":654,"end":667}},{"text":"grew","type":"FINANCIAL_OUTCOME","location":{"begin":698,"end":702}},{"text":"6%","type":"VALUE","location":{"begin":703,"end":705}},{"text":"Office 365","type":"PRODUCT_SERVICE","location":{"begin":717,"end":727}},{"text":"growth","type":"FINANCIAL_OUTCOME","location":{"begin":747,"end":753}},{"text":"46%","type":"VALUE","location":{"begin":757,"end":760}},{"text":"grew","type":"FINANCIAL_OUTCOME","location":{"begin":788,"end":792}},{"text":"14%","type":"VALUE","location":{"begin":793,"end":796}},{"text":"Office 365","type":"PRODUCT_SERVICE","location":{"begin":802,"end":812}},{"text":"increased","type":"FINANCIAL_OUTCOME","location":{"begin":834,"end":843}},{"text":"27.0 million","type":"VALUE","location":{"begin":847,"end":859}},{"text":"Microsoft Dynamics","type":"PRODUCT_SERVICE","location":{"begin":865,"end":883}},{"text":"grew","type":"FINANCIAL_OUTCOME","location":{"begin":892,"end":896}},{"text":"9%","type":"VALUE","location":{"begin":897,"end":899}},{"text":"Dynamics 365","type":"PRODUCT_SERVICE","location":{"begin":911,"end":923}},{"text":"growth","type":"FINANCIAL_OUTCOME","location":{"begin":932,"end":938}},{"text":"LinkedIn","type":"PRODUCT_SERVICE","location":{"begin":951,"end":959}},{"text":"$2.3 billion","type":"VALUE","location":{"begin":983,"end":995}},{"text":"Server","type":"PRODUCT_SERVICE","location":{"begin":1001,"end":1007}},{"text":"cloud services","type":"PRODUCT_SERVICE","location":{"begin":1021,"end":1035}},{"text":"grew","type":"FINANCIAL_OUTCOME","location":{"begin":1044,"end":1048}},{"text":"13%","type":"VALUE","location":{"begin":1049,"end":1052}},{"text":"Microsoft Azure","type":"PRODUCT_SERVICE","location":{"begin":1064,"end":1079}},{"text":"growth","type":"FINANCIAL_OUTCOME","location":{"begin":1088,"end":1094}},{"text":"99%","type":"VALUE","location":{"begin":1098,"end":1101}},{"text":"decreased","type":"FINANCIAL_OUTCOME","location":{"begin":1136,"end":1145}},{"text":"2%","type":"VALUE","location":{"begin":1146,"end":1148}},{"text":"higher revenue","type":"FINANCIAL_OUTCOME","location":{"begin":1231,"end":1245}},{"text":"Premier Support Services","type":"PRODUCT_SERVICE","location":{"begin":1251,"end":1275}},{"text":"Microsoft Consulting Services","type":"PRODUCT_SERVICE","location":{"begin":1280,"end":1309}},{"text":"Windows OEM","type":"PRODUCT_SERVICE","location":{"begin":1364,"end":1375}},{"text":"increased","type":"FINANCIAL_OUTCOME","location":{"begin":1385,"end":1394}},{"text":"3%","type":"VALUE","location":{"begin":1395,"end":1397}},{"text":"grew","type":"FINANCIAL_OUTCOME","location":{"begin":1428,"end":1432}},{"text":"5%","type":"VALUE","location":{"begin":1433,"end":1435}},{"text":"Microsoft Surface","type":"PRODUCT_SERVICE","location":{"begin":1479,"end":1496}},{"text":"decreased","type":"FINANCIAL_OUTCOME","location":{"begin":1505,"end":1514}},{"text":"2%","type":"VALUE","location":{"begin":1515,"end":1517}},{"text":"reduction","type":"FINANCIAL_OUTCOME","location":{"begin":1531,"end":1540}},{"text":"premium devices","type":"PRODUCT_SERVICE","location":{"begin":1592,"end":1607}},{"text":"grew","type":"FINANCIAL_OUTCOME","location":{"begin":1676,"end":1680}},{"text":"9%","type":"VALUE","location":{"begin":1681,"end":1683}},{"text":"Gaming","type":"PRODUCT_SERVICE","location":{"begin":1689,"end":1695}},{"text":"decreased","type":"FINANCIAL_OUTCOME","location":{"begin":1704,"end":1713}},{"text":"lower","type":"FINANCIAL_OUTCOME","location":{"begin":1734,"end":1739}},{"text":"Xbox","type":"PRODUCT_SERVICE","location":{"begin":1740,"end":1744}},{"text":"growth","type":"FINANCIAL_OUTCOME","location":{"begin":1781,"end":1787}},{"text":"Xbox","type":"PRODUCT_SERVICE","location":{"begin":1791,"end":1795}},{"text":"Commercial cloud","type":"PRODUCT_SERVICE","location":{"begin":1879,"end":1895}},{"text":"last month","type":"EARNINGS_PERIOD","location":{"begin":1969,"end":1979}},{"text":"Office 365 commercial","type":"PRODUCT_SERVICE","location":{"begin":2009,"end":2030}},{"text":"Azure, Dynamics 365","type":"PRODUCT_SERVICE","location":{"begin":2032,"end":2051}},{"text":"cloud","type":"PRODUCT_SERVICE","location":{"begin":2063,"end":2068}},{"text":"December 8, 2016","type":"EARNINGS_PERIOD","location":{"begin":2085,"end":2101}},{"text":"$27.0 billion","type":"VALUE","location":{"begin":2186,"end":2199}},{"text":"November 2016","type":"EARNINGS_PERIOD","location":{"begin":2434,"end":2447}},{"text":"feature phone","type":"PRODUCT_SERVICE","location":{"begin":2478,"end":2491}},{"text":"$350 million","type":"VALUE","location":{"begin":2505,"end":2517}}]},{"id":8,"text":"Electronic Arts (\"the Company\" or \"EA\") derives revenues from shipments of EA Studio cartridge products, EA Studio Compact Disk (\"CD\") and floppy-disk personal computer products (primarily entertainment software), EA Studio CD products on dedicated entertainment systems, licensing of EA Studio products, distribution of EA Studio products through hardware companies (\"OEMs\") and shipments of Affiliated Label CD and floppy-disk products that are created by third parties.\r     Total net revenues increased compared to the prior year primarily due to an increase in net revenues derived from a higher volume of CD based products (personal computer and 3DO Interactive Multiplayer), EA License/OEM products and Affiliated Label products.  This was partially offset by a decrease in sales of 16-bit Super Nintendo Entertainment System (\"Super NES\") and EA floppy-disk products.","mentions":[{"text":"EA Studio cartridge products","type":"PRODUCT_SERVICE","location":{"begin":75,"end":103}},{"text":"EA Studio Compact Disk","type":"PRODUCT_SERVICE","location":{"begin":105,"end":127}},{"text":"CD","type":"PRODUCT_SERVICE","location":{"begin":130,"end":132}},{"text":"floppy-disk","type":"PRODUCT_SERVICE","location":{"begin":139,"end":150}},{"text":"personal computer","type":"PRODUCT_SERVICE","location":{"begin":151,"end":168}},{"text":"entertainment software","type":"PRODUCT_SERVICE","location":{"begin":189,"end":211}},{"text":"EA Studio CD","type":"PRODUCT_SERVICE","location":{"begin":214,"end":226}},{"text":"dedicated entertainment systems","type":"PRODUCT_SERVICE","location":{"begin":239,"end":270}},{"text":"EA Studio","type":"PRODUCT_SERVICE","location":{"begin":285,"end":294}},{"text":"EA Studio","type":"PRODUCT_SERVICE","location":{"begin":321,"end":330}},{"text":"Affiliated Label CD","type":"PRODUCT_SERVICE","location":{"begin":393,"end":412}},{"text":"floppy-disk products","type":"PRODUCT_SERVICE","location":{"begin":417,"end":437}},{"text":"increased","type":"FINANCIAL_OUTCOME","location":{"begin":497,"end":506}},{"text":"the prior year","type":"EARNINGS_PERIOD","location":{"begin":519,"end":533}},{"text":"increase","type":"FINANCIAL_OUTCOME","location":{"begin":554,"end":562}},{"text":"CD","type":"PRODUCT_SERVICE","location":{"begin":611,"end":613}},{"text":"personal computer","type":"PRODUCT_SERVICE","location":{"begin":630,"end":647}},{"text":"3DO Interactive Multiplayer","type":"PRODUCT_SERVICE","location":{"begin":652,"end":679}},{"text":"EA License/OEM products","type":"PRODUCT_SERVICE","location":{"begin":682,"end":705}},{"text":"Affiliated Label products","type":"PRODUCT_SERVICE","location":{"begin":710,"end":735}},{"text":"decrease","type":"FINANCIAL_OUTCOME","location":{"begin":769,"end":777}},{"text":"16-bit Super Nintendo Entertainment System","type":"PRODUCT_SERVICE","location":{"begin":790,"end":832}},{"text":"Super NES","type":"PRODUCT_SERVICE","location":{"begin":835,"end":844}},{"text":"EA floppy-disk products","type":"PRODUCT_SERVICE","location":{"begin":851,"end":874}}]},{"id":9,"text":"In 2017, the company reported $79.1 billion in revenue and $5.8 billion in income from continuing operations, which includes a one-time charge of $5.5 billion associated with the enactment of U.S. tax reform. Operating (non-GAAP) earnings were $12.9 billion, which excludes the one-time charge. Diluted earnings per share from continuing operations were $6.14 as reported and $13.80 on an operating (non-GAAP) basis. The company generated $16.7 billion in cash from operations, $13.0 billion in free cash flow and delivered shareholder returns of $9.8 billion in gross common stock repurchases and dividends. Total consolidated revenue in 2017 decreased 1.0 percent as reported and 1.3 percent year to year adjusted for currency. The company returned to revenue growth in the fourth quarter with an increase of 3.6 percent as reported and 0.9 percent adjusted for currency. Year-to-year revenue performance improved sequentially in the second half of 2017 compared to first-half performance. Contributors to the second-half improvement included: momentum in cloud and as-a-Service offerings, strong Systems growth across IBM Z, Power and Storage, improved software transactional performance and improved growth in Consulting. In 2017, the company continued to deliver solid revenue growth in its strategic imperatives which generated $36.5 billion of revenue and grew 11 percent as reported and adjusted for currency, with double-digit growth in cloud, security and mobile, as the company continues to build new products and offerings and continuously reinvent its platforms. These are not separate businesses, they are offerings across the segments that address opportunities in analytics, cloud, security and mobile. The company is embedding cloud and cognitive capabilities across the business and the strategic imperatives reflect the progress being made in helping enterprise clients extract value from data and become digital businesses. Strategic imperatives growth in 2017 largely represented organic growth as the acquisitive content leveled on a year-to-year basis. Total Cloud revenue of $17.0 billion increased 24 percent as reported and adjusted for currency, with as-a-Service revenue up 31 percent as reported and adjusted for currency. The annual exit run rate for as-a-Service revenue increased to $10.3 billion in 2017 compared to $8.6 billion in 2016. Analytics revenue of $20.6 billion increased 6 percent as reported and adjusted for currency. Mobile revenue increased 19 percent as reported and adjusted for currency and Security revenue increased 55�percent (54 percent adjusted for currency), driven by security software solutions and strong demand for the pervasive encryption capabilities in the new z14 mainframe.","mentions":[{"text":"2017","type":"EARNINGS_PERIOD","location":{"begin":3,"end":7}},{"text":"$79.1 billion","type":"VALUE","location":{"begin":30,"end":43}},{"text":"$5.8 billion","type":"VALUE","location":{"begin":59,"end":71}},{"text":"$5.5 billion","type":"VALUE","location":{"begin":146,"end":158}},{"text":"U.S.","type":"GEO","location":{"begin":192,"end":196}},{"text":"$12.9 billion","type":"VALUE","location":{"begin":244,"end":257}},{"text":"$6.14","type":"VALUE","location":{"begin":354,"end":359}},{"text":"$13.80","type":"VALUE","location":{"begin":376,"end":382}},{"text":"$16.7 billion","type":"VALUE","location":{"begin":439,"end":452}},{"text":"$13.0 billion","type":"VALUE","location":{"begin":478,"end":491}},{"text":"$9.8 billion","type":"VALUE","location":{"begin":547,"end":559}},{"text":"2017","type":"EARNINGS_PERIOD","location":{"begin":639,"end":643}},{"text":"decreased","type":"FINANCIAL_OUTCOME","location":{"begin":644,"end":653}},{"text":"1.0 percent","type":"VALUE","location":{"begin":654,"end":665}},{"text":"1.3 percent","type":"VALUE","location":{"begin":682,"end":693}},{"text":"growth","type":"FINANCIAL_OUTCOME","location":{"begin":762,"end":768}},{"text":"increase","type":"FINANCIAL_OUTCOME","location":{"begin":799,"end":807}},{"text":"3.6 percent","type":"VALUE","location":{"begin":811,"end":822}},{"text":"0.9 percent","type":"VALUE","location":{"begin":839,"end":850}},{"text":"improved sequentially","type":"FINANCIAL_OUTCOME","location":{"begin":907,"end":928}},{"text":"the second half of 2017","type":"EARNINGS_PERIOD","location":{"begin":932,"end":955}},{"text":"improvement","type":"FINANCIAL_OUTCOME","location":{"begin":1024,"end":1035}},{"text":"cloud","type":"PRODUCT_SERVICE","location":{"begin":1058,"end":1063}},{"text":"as-a-Service","type":"PRODUCT_SERVICE","location":{"begin":1068,"end":1080}},{"text":"Systems","type":"PRODUCT_SERVICE","location":{"begin":1099,"end":1106}},{"text":"IBM Z","type":"PRODUCT_SERVICE","location":{"begin":1121,"end":1126}},{"text":"Power","type":"PRODUCT_SERVICE","location":{"begin":1128,"end":1133}},{"text":"Storage","type":"PRODUCT_SERVICE","location":{"begin":1138,"end":1145}},{"text":"2017","type":"EARNINGS_PERIOD","location":{"begin":1229,"end":1233}},{"text":"growth","type":"FINANCIAL_OUTCOME","location":{"begin":1282,"end":1288}},{"text":"strategic imperatives","type":"PRODUCT_SERVICE","location":{"begin":1296,"end":1317}},{"text":"$36.5 billion","type":"VALUE","location":{"begin":1334,"end":1347}},{"text":"11 percent","type":"VALUE","location":{"begin":1368,"end":1378}},{"text":"double-digit","type":"VALUE","location":{"begin":1423,"end":1435}},{"text":"growth","type":"FINANCIAL_OUTCOME","location":{"begin":1436,"end":1442}},{"text":"cloud","type":"PRODUCT_SERVICE","location":{"begin":1446,"end":1451}},{"text":"security","type":"PRODUCT_SERVICE","location":{"begin":1453,"end":1461}},{"text":"mobile","type":"PRODUCT_SERVICE","location":{"begin":1466,"end":1472}},{"text":"analytics","type":"PRODUCT_SERVICE","location":{"begin":1680,"end":1689}},{"text":"cloud","type":"PRODUCT_SERVICE","location":{"begin":1691,"end":1696}},{"text":"security","type":"PRODUCT_SERVICE","location":{"begin":1698,"end":1706}},{"text":"mobile","type":"PRODUCT_SERVICE","location":{"begin":1711,"end":1717}},{"text":"cloud","type":"PRODUCT_SERVICE","location":{"begin":1744,"end":1749}},{"text":"cognitive","type":"PRODUCT_SERVICE","location":{"begin":1754,"end":1763}},{"text":"strategic imperatives","type":"PRODUCT_SERVICE","location":{"begin":1805,"end":1826}},{"text":"Strategic imperatives","type":"PRODUCT_SERVICE","location":{"begin":1944,"end":1965}},{"text":"2017","type":"EARNINGS_PERIOD","location":{"begin":1976,"end":1980}},{"text":"Cloud","type":"PRODUCT_SERVICE","location":{"begin":2082,"end":2087}},{"text":"$17.0 billion","type":"VALUE","location":{"begin":2099,"end":2112}},{"text":"increased","type":"FINANCIAL_OUTCOME","location":{"begin":2113,"end":2122}},{"text":"24 percent","type":"VALUE","location":{"begin":2123,"end":2133}},{"text":"as-a-Service","type":"PRODUCT_SERVICE","location":{"begin":2281,"end":2293}},{"text":"increased","type":"FINANCIAL_OUTCOME","location":{"begin":2302,"end":2311}},{"text":"$10.3 billion","type":"VALUE","location":{"begin":2315,"end":2328}},{"text":"2017","type":"EARNINGS_PERIOD","location":{"begin":2332,"end":2336}},{"text":"$8.6 billion","type":"VALUE","location":{"begin":2349,"end":2361}},{"text":"2016","type":"EARNINGS_PERIOD","location":{"begin":2365,"end":2369}},{"text":"Analytics","type":"PRODUCT_SERVICE","location":{"begin":2371,"end":2380}},{"text":"$20.6 billion","type":"VALUE","location":{"begin":2392,"end":2405}},{"text":"increased","type":"FINANCIAL_OUTCOME","location":{"begin":2406,"end":2415}},{"text":"6 percent","type":"VALUE","location":{"begin":2416,"end":2425}},{"text":"Mobile","type":"PRODUCT_SERVICE","location":{"begin":2465,"end":2471}},{"text":"increased","type":"FINANCIAL_OUTCOME","location":{"begin":2480,"end":2489}},{"text":"19 percent","type":"VALUE","location":{"begin":2490,"end":2500}},{"text":"Security","type":"PRODUCT_SERVICE","location":{"begin":2543,"end":2551}},{"text":"increased","type":"FINANCIAL_OUTCOME","location":{"begin":2560,"end":2569}},{"text":"55�percent","type":"VALUE","location":{"begin":2570,"end":2580}},{"text":"54 percent","type":"VALUE","location":{"begin":2582,"end":2592}},{"text":"security software solutions","type":"PRODUCT_SERVICE","location":{"begin":2627,"end":2654}},{"text":"z14 mainframe","type":"PRODUCT_SERVICE","location":{"begin":2726,"end":2739}}]},{"id":10,"text":"Net revenues generated by cartridge based products were $293,375,000 or 60% of consolidated net revenues in fiscal 1995 compared to $311,936,000 or 75% of net revenues in fiscal 1994.  The mix of net revenue in fiscal 1995 reflects the impact of the current transition from the mature 16-bit cartridge based market to the emerging 32-bit CD based market.  As the 16-bit market has matured, hardware sales have slowed and the sales of the related software have declined and are expected to continue to decline.  Additionally, as the 16-bit market has become more \"hits-driven\", the Company released fewer titles for these platforms and intends even fewer releases in fiscal 1996.\n    Sales of EA Studio Sega Genesis (\"Genesis\") cartridge products in fiscal 1995 declined to $213,471,000, or 43% of total revenue, compared to $220,327,000, or 53% of total revenue in fiscal 1994.  The Company released 17 new Genesis titles in fiscal 1995 compared to 24 in fiscal 1994. \n    Net revenues derived from cartridge products for the Super NES were $68,462,000, or 14% of total revenue, in fiscal 1995 compared to $89,602,000, or 21% of total revenue in fiscal 1994.  The Company released six new titles for the Super NES in fiscal 1995 compared to eight in fiscal 1994.","mentions":[{"text":"cartridge based products","type":"PRODUCT_SERVICE","location":{"begin":26,"end":50}},{"text":"$293,375,000","type":"VALUE","location":{"begin":56,"end":68}},{"text":"60%","type":"VALUE","location":{"begin":72,"end":75}},{"text":"fiscal 1995","type":"EARNINGS_PERIOD","location":{"begin":108,"end":119}},{"text":"$311,936,000","type":"VALUE","location":{"begin":132,"end":144}},{"text":"75%","type":"VALUE","location":{"begin":148,"end":151}},{"text":"fiscal 1994","type":"EARNINGS_PERIOD","location":{"begin":171,"end":182}},{"text":"mix","type":"FINANCIAL_OUTCOME","location":{"begin":189,"end":192}},{"text":"fiscal 1995","type":"EARNINGS_PERIOD","location":{"begin":211,"end":222}},{"text":"reflects the impact","type":"FINANCIAL_OUTCOME","location":{"begin":223,"end":242}},{"text":"16-bit cartridge","type":"PRODUCT_SERVICE","location":{"begin":285,"end":301}},{"text":"32-bit CD","type":"PRODUCT_SERVICE","location":{"begin":331,"end":340}},{"text":"16-bit","type":"PRODUCT_SERVICE","location":{"begin":363,"end":369}},{"text":"hardware","type":"PRODUCT_SERVICE","location":{"begin":390,"end":398}},{"text":"have slowed","type":"FINANCIAL_OUTCOME","location":{"begin":405,"end":416}},{"text":"related software","type":"PRODUCT_SERVICE","location":{"begin":438,"end":454}},{"text":"have declined","type":"FINANCIAL_OUTCOME","location":{"begin":455,"end":468}},{"text":"expected to continue to decline","type":"FINANCIAL_OUTCOME","location":{"begin":477,"end":508}},{"text":"16-bit","type":"PRODUCT_SERVICE","location":{"begin":532,"end":538}},{"text":"has become more \"hits-driven\"","type":"FINANCIAL_OUTCOME","location":{"begin":546,"end":575}},{"text":"released fewer","type":"FINANCIAL_OUTCOME","location":{"begin":589,"end":603}},{"text":"intends even fewer","type":"FINANCIAL_OUTCOME","location":{"begin":635,"end":653}},{"text":"fiscal 1996","type":"EARNINGS_PERIOD","location":{"begin":666,"end":677}},{"text":"EA Studio Sega Genesis (\"Genesis\") cartridge products","type":"PRODUCT_SERVICE","location":{"begin":692,"end":745}},{"text":"fiscal 1995","type":"EARNINGS_PERIOD","location":{"begin":749,"end":760}},{"text":"declined","type":"FINANCIAL_OUTCOME","location":{"begin":761,"end":769}},{"text":"$213,471,000","type":"VALUE","location":{"begin":773,"end":785}},{"text":"43%","type":"VALUE","location":{"begin":790,"end":793}},{"text":"$220,327,000","type":"VALUE","location":{"begin":824,"end":836}},{"text":"53%","type":"VALUE","location":{"begin":841,"end":844}},{"text":"fiscal 1994","type":"EARNINGS_PERIOD","location":{"begin":865,"end":876}},{"text":"released","type":"FINANCIAL_OUTCOME","location":{"begin":891,"end":899}},{"text":"17","type":"VALUE","location":{"begin":900,"end":902}},{"text":"fiscal 1995","type":"EARNINGS_PERIOD","location":{"begin":925,"end":936}},{"text":"24","type":"VALUE","location":{"begin":949,"end":951}},{"text":"fiscal 1994","type":"EARNINGS_PERIOD","location":{"begin":955,"end":966}},{"text":"derived","type":"FINANCIAL_OUTCOME","location":{"begin":986,"end":993}},{"text":"cartridge products for the Super NES","type":"PRODUCT_SERVICE","location":{"begin":999,"end":1035}},{"text":"$68,462,000","type":"VALUE","location":{"begin":1041,"end":1052}},{"text":"14%","type":"VALUE","location":{"begin":1057,"end":1060}},{"text":"fiscal 1995","type":"EARNINGS_PERIOD","location":{"begin":1082,"end":1093}},{"text":"$89,602,000","type":"VALUE","location":{"begin":1106,"end":1117}},{"text":"21%","type":"VALUE","location":{"begin":1122,"end":1125}},{"text":"fiscal 1994","type":"EARNINGS_PERIOD","location":{"begin":1146,"end":1157}},{"text":"released","type":"FINANCIAL_OUTCOME","location":{"begin":1172,"end":1180}},{"text":"six","type":"VALUE","location":{"begin":1181,"end":1184}},{"text":"Super NES","type":"PRODUCT_SERVICE","location":{"begin":1204,"end":1213}},{"text":"fiscal 1995","type":"EARNINGS_PERIOD","location":{"begin":1217,"end":1228}},{"text":"eight","type":"VALUE","location":{"begin":1241,"end":1246}},{"text":"fiscal 1994","type":"EARNINGS_PERIOD","location":{"begin":1250,"end":1261}}]},{"id":11,"text":"Net income was $15.9 billion, or $1.31 per diluted share in 2015 compared to $4.8 billion, or $0.36 per diluted share in 2014. The results for 2015 compared to 2014 were primarily driven by a decrease of $15.2 billion in litigation expense, as well as decreases in all other non interest expense categories, partially offset by a decline in net interest income on a fully taxable-equivalent (FTE) basis, higher provision for credit losses and lower revenue. Included in net interest income on an FTE basis was a charge related to the discount on certain trust preferred securities of $612 million in 2015, as well as a negative market-related adjustment on debt securities of $296 million compared to a negative market-related adjustment of $1.1 billion in 2014.\rTotal assets increased $39.8 billion from December 31, 2014 to $2.1 trillion at December 31, 2015 primarily driven by an increase in debt securities due to the deployment of deposit inflows, an increase in loans driven by strong demand for commercial loans outpacing consumer loan sales and run-off, and higher cash and cash equivalents from strong deposit inflows. Total liabilities increased $27.0 billion from December 31, 2014 to $1.9 trillion at December 31, 2015 primarily driven by an increase in deposits, partially offset by declines in securities loaned or sold under agreements to repurchase, trading account liabilities and long-term debt. During 2015, we returned $5.9 billion in capital to shareholders through common and preferred stock dividends and share repurchases. For more information on the balance sheet, see Executive Summary Balance Sheet Overview on page 27.\rFrom a capital management perspective, during 2015, we maintained our strong capital position with Common equity tier 1 capital of $163.0 billion, risk-weighted assets of $1,602 billion and a Common equity tier 1 capital ratio of 10.2 percent at December 31, 2015 as measured under the Basel 3 Advanced Transition. On September 3, 2015, we received approval to exit parallel run and begin using the Basel 3 Advanced approaches capital framework to determine risk-based capital requirements in the fourth quarter of 2015. The Corporation’s transitional supplementary leverage ratio (SLR) was 6.6 percent and 6.2 percent at December 31, 2015 and 2014, both above the 5.0 percent required minimum. Our Global Excess Liquidity Sources were $504 billion with time-to-required funding at 39 months at December 31, 2015 compared to $439 billion and 39 months at December 31, 2014. For additional information, see Capital Management on page 53 and Liquidity Risk on page 60.","mentions":[{"text":"$15.9 billion","type":"VALUE","location":{"begin":15,"end":28}},{"text":"$1.31","type":"VALUE","location":{"begin":33,"end":38}},{"text":"2015","type":"EARNINGS_PERIOD","location":{"begin":60,"end":64}},{"text":"$4.8 billion","type":"VALUE","location":{"begin":77,"end":89}},{"text":"$0.36","type":"VALUE","location":{"begin":94,"end":99}},{"text":"2014","type":"EARNINGS_PERIOD","location":{"begin":121,"end":125}},{"text":"2015","type":"EARNINGS_PERIOD","location":{"begin":143,"end":147}},{"text":"2014","type":"EARNINGS_PERIOD","location":{"begin":160,"end":164}},{"text":"decrease","type":"FINANCIAL_OUTCOME","location":{"begin":192,"end":200}},{"text":"$15.2 billion","type":"VALUE","location":{"begin":204,"end":217}},{"text":"decreases","type":"FINANCIAL_OUTCOME","location":{"begin":252,"end":261}},{"text":"higher","type":"FINANCIAL_OUTCOME","location":{"begin":404,"end":410}},{"text":"lower revenue","type":"FINANCIAL_OUTCOME","location":{"begin":443,"end":456}},{"text":"$612 million","type":"VALUE","location":{"begin":584,"end":596}},{"text":"2015","type":"EARNINGS_PERIOD","location":{"begin":600,"end":604}},{"text":"$296 million","type":"VALUE","location":{"begin":676,"end":688}},{"text":"$1.1 billion","type":"VALUE","location":{"begin":741,"end":753}},{"text":"2014","type":"EARNINGS_PERIOD","location":{"begin":757,"end":761}},{"text":"increased","type":"FINANCIAL_OUTCOME","location":{"begin":776,"end":785}},{"text":"$39.8 billion","type":"VALUE","location":{"begin":786,"end":799}},{"text":"December 31, 2014","type":"EARNINGS_PERIOD","location":{"begin":805,"end":822}},{"text":"$2.1 trillion","type":"VALUE","location":{"begin":826,"end":839}},{"text":"December 31, 2015","type":"EARNINGS_PERIOD","location":{"begin":843,"end":860}},{"text":"increase","type":"FINANCIAL_OUTCOME","location":{"begin":884,"end":892}},{"text":"increase","type":"FINANCIAL_OUTCOME","location":{"begin":957,"end":965}},{"text":"increased","type":"FINANCIAL_OUTCOME","location":{"begin":1147,"end":1156}},{"text":"$27.0 billion","type":"VALUE","location":{"begin":1157,"end":1170}},{"text":"December 31, 2014","type":"EARNINGS_PERIOD","location":{"begin":1176,"end":1193}},{"text":"$1.9 trillion","type":"VALUE","location":{"begin":1197,"end":1210}},{"text":"December 31, 2015","type":"EARNINGS_PERIOD","location":{"begin":1214,"end":1231}},{"text":"increase","type":"FINANCIAL_OUTCOME","location":{"begin":1255,"end":1263}},{"text":"2015","type":"EARNINGS_PERIOD","location":{"begin":1422,"end":1426}},{"text":"$5.9 billion","type":"VALUE","location":{"begin":1440,"end":1452}},{"text":"2015","type":"EARNINGS_PERIOD","location":{"begin":1694,"end":1698}},{"text":"$163.0 billion","type":"VALUE","location":{"begin":1779,"end":1793}},{"text":"$1,602 billion","type":"VALUE","location":{"begin":1819,"end":1833}},{"text":"10.2 percent","type":"VALUE","location":{"begin":1878,"end":1890}},{"text":"December 31, 2015","type":"EARNINGS_PERIOD","location":{"begin":1894,"end":1911}},{"text":"Basel 3 Advanced Transition","type":"PRODUCT_SERVICE","location":{"begin":1934,"end":1961}},{"text":"September 3, 2015","type":"EARNINGS_PERIOD","location":{"begin":1966,"end":1983}},{"text":"Basel 3 Advanced","type":"PRODUCT_SERVICE","location":{"begin":2047,"end":2063}},{"text":"the fourth quarter of 2015","type":"EARNINGS_PERIOD","location":{"begin":2141,"end":2167}},{"text":"6.6 percent","type":"VALUE","location":{"begin":2239,"end":2250}},{"text":"6.2 percent","type":"VALUE","location":{"begin":2255,"end":2266}},{"text":"December 31, 2015 and 2014","type":"EARNINGS_PERIOD","location":{"begin":2270,"end":2296}},{"text":"5.0 percent","type":"VALUE","location":{"begin":2313,"end":2324}},{"text":"Global","type":"GEO","location":{"begin":2347,"end":2353}},{"text":"$504 billion","type":"VALUE","location":{"begin":2384,"end":2396}},{"text":"December 31, 2015","type":"EARNINGS_PERIOD","location":{"begin":2443,"end":2460}},{"text":"$439 billion","type":"VALUE","location":{"begin":2473,"end":2485}},{"text":"December 31, 2014","type":"EARNINGS_PERIOD","location":{"begin":2503,"end":2520}}]},{"id":12,"text":"Diluted earnings per share from continuing operations of $6.14 in 2017, which includes the one-time charge associated with U.S. tax reform, decreased 50.4 percent year to year. In 2017, the company repurchased 27.2 million shares of its common stock at a cost of $4.3 billion and had $3.8 billion remaining in the current share repurchase authorization at December 31, 2017. Operating (non-GAAP) diluted earnings per share of $13.80 increased 1.5 percent versus 2016.\r\rTotal assets increased $7.9 billion ($3.0 billion adjusted for currency) from December 31, 2016 driven by:   Increases in cash and marketable securities ($4.1 billion), total receivables ($2.9 billion), retirement plan assets ($1.6 billion) and goodwill ($0.6 billion); partially offset by\n\rTotal liabilities increased $8.6 billion ($4.0 billion adjusted for currency) from December 31, 2016 driven by:   Increases in total debt ($4.7 billion) and taxes ($3.5 billion). Total equity of $17.7 billion decreased $0.7 billion from December 31, 2016 as a result of:   Decreases from dividends ($5.5 billion) and share repurchases ($4.3 billion); partially offset by   Increases from net income ($5.8 billion), retirement-related benefit plans ($2.3 billion) and equity translation adjustments ($0.8 billion). The company generated $16.7 billion in cash flow provided by operating activities, a decrease of $0.4 billion compared to 2016, driven primarily by performance-related declines within net income and an increase in cash tax payments, partially offset by an increase in cash provided by receivables. Net cash used in investing activities of $7.1 billion was $3.9 billion lower than the prior year, primarily driven by a decrease in cash used for acquisitions ($5.2 billion). Net cash used in financing activities of $6.4 billion increased $0.5 billion compared to 2016, driven primarily by increased gross common share repurchases ($0.8 billion).","mentions":[{"text":"$6.14","type":"VALUE","location":{"begin":57,"end":62}},{"text":"2017","type":"EARNINGS_PERIOD","location":{"begin":66,"end":70}},{"text":"U.S.","type":"GEO","location":{"begin":123,"end":127}},{"text":"decreased","type":"FINANCIAL_OUTCOME","location":{"begin":140,"end":149}},{"text":"50.4 percent","type":"VALUE","location":{"begin":150,"end":162}},{"text":"2017","type":"EARNINGS_PERIOD","location":{"begin":180,"end":184}},{"text":"27.2 million","type":"VALUE","location":{"begin":210,"end":222}},{"text":"$4.3 billion","type":"VALUE","location":{"begin":263,"end":275}},{"text":"$3.8 billion","type":"VALUE","location":{"begin":284,"end":296}},{"text":"$13.80","type":"VALUE","location":{"begin":426,"end":432}},{"text":"increased","type":"FINANCIAL_OUTCOME","location":{"begin":433,"end":442}},{"text":"1.5 percent","type":"VALUE","location":{"begin":443,"end":454}},{"text":"2016","type":"EARNINGS_PERIOD","location":{"begin":462,"end":466}},{"text":"increased","type":"FINANCIAL_OUTCOME","location":{"begin":482,"end":491}},{"text":"$7.9 billion","type":"VALUE","location":{"begin":492,"end":504}},{"text":"$3.0 billion adjusted for currency","type":"VALUE","location":{"begin":506,"end":540}},{"text":"Increases","type":"FINANCIAL_OUTCOME","location":{"begin":578,"end":587}},{"text":"$4.1 billion","type":"VALUE","location":{"begin":623,"end":635}},{"text":"$2.9 billion","type":"VALUE","location":{"begin":657,"end":669}},{"text":"$1.6 billion","type":"VALUE","location":{"begin":696,"end":708}},{"text":"$0.6 billion","type":"VALUE","location":{"begin":724,"end":736}},{"text":"$8.6 billion","type":"VALUE","location":{"begin":788,"end":800}},{"text":"$4.0 billion","type":"VALUE","location":{"begin":802,"end":814}},{"text":"Increases","type":"FINANCIAL_OUTCOME","location":{"begin":874,"end":883}},{"text":"$4.7 billion","type":"VALUE","location":{"begin":899,"end":911}},{"text":"$3.5 billion","type":"VALUE","location":{"begin":924,"end":936}},{"text":"$17.7 billion","type":"VALUE","location":{"begin":955,"end":968}},{"text":"decreased","type":"FINANCIAL_OUTCOME","location":{"begin":969,"end":978}},{"text":"$0.7 billion","type":"VALUE","location":{"begin":979,"end":991}},{"text":"December 31, 2016","type":"EARNINGS_PERIOD","location":{"begin":997,"end":1014}},{"text":"$5.5 billion","type":"VALUE","location":{"begin":1059,"end":1071}},{"text":"$4.3 billion","type":"VALUE","location":{"begin":1096,"end":1108}},{"text":"Increases","type":"FINANCIAL_OUTCOME","location":{"begin":1133,"end":1142}},{"text":"$5.8 billion","type":"VALUE","location":{"begin":1160,"end":1172}},{"text":"$2.3 billion","type":"VALUE","location":{"begin":1209,"end":1221}},{"text":"$0.8 billion","type":"VALUE","location":{"begin":1259,"end":1271}},{"text":"$16.7 billion","type":"VALUE","location":{"begin":1296,"end":1309}},{"text":"decrease","type":"FINANCIAL_OUTCOME","location":{"begin":1359,"end":1367}},{"text":"$0.4 billion","type":"VALUE","location":{"begin":1371,"end":1383}},{"text":"2016","type":"EARNINGS_PERIOD","location":{"begin":1396,"end":1400}},{"text":"increase","type":"FINANCIAL_OUTCOME","location":{"begin":1476,"end":1484}},{"text":"increase","type":"FINANCIAL_OUTCOME","location":{"begin":1530,"end":1538}},{"text":"$7.1 billion","type":"VALUE","location":{"begin":1613,"end":1625}},{"text":"$3.9 billion","type":"VALUE","location":{"begin":1630,"end":1642}},{"text":"lower","type":"FINANCIAL_OUTCOME","location":{"begin":1643,"end":1648}},{"text":"the prior year,","type":"EARNINGS_PERIOD","location":{"begin":1654,"end":1669}},{"text":"$5.2 billion","type":"VALUE","location":{"begin":1732,"end":1744}},{"text":"$6.4 billion","type":"VALUE","location":{"begin":1788,"end":1800}},{"text":"increased","type":"FINANCIAL_OUTCOME","location":{"begin":1801,"end":1810}},{"text":"$0.5 billion","type":"VALUE","location":{"begin":1811,"end":1823}},{"text":"2016","type":"EARNINGS_PERIOD","location":{"begin":1836,"end":1840}},{"text":"$0.8 billion","type":"VALUE","location":{"begin":1904,"end":1916}}]},{"id":13,"text":"Storage Systems revenue increased by 10.9 percent as reported (8 percent adjusted for currency) year to year with double-digit growth (as reported and adjusted for currency) in high-end hardware products primarily from the demand for flash as well as the capacity increase linked to mainframe demand.","mentions":[{"text":"Storage Systems","type":"PRODUCT_SERVICE","location":{"begin":0,"end":15}},{"text":"increased","type":"FINANCIAL_OUTCOME","location":{"begin":24,"end":33}},{"text":"10.9 percent","type":"VALUE","location":{"begin":37,"end":49}},{"text":"8 percent","type":"VALUE","location":{"begin":63,"end":72}},{"text":"double-digit","type":"VALUE","location":{"begin":114,"end":126}},{"text":"growth","type":"FINANCIAL_OUTCOME","location":{"begin":127,"end":133}},{"text":"high-end hardware products","type":"PRODUCT_SERVICE","location":{"begin":177,"end":203}}]},{"id":14,"text":"Transaction Processing Software revenue of $5,647 million grew 0.9 percent as reported (flat adjusted for currency) in 2017 compared to the prior year. In the second half of 2017, there was improved revenue performance with growth both sequentially versus the first half 2017 and year to year as reported and adjusted for currency reflecting clients’ ongoing long-term commitment and the value the company’s platform provides to them. This portfolio predominately runs on-premise mission critical workloads running on IBM Z in industries such as banking, airlines and retail.","mentions":[{"text":"Transaction Processing Software","type":"PRODUCT_SERVICE","location":{"begin":0,"end":31}},{"text":"$5,647 million","type":"VALUE","location":{"begin":43,"end":57}},{"text":"0.9 percent","type":"VALUE","location":{"begin":63,"end":74}},{"text":"2017","type":"EARNINGS_PERIOD","location":{"begin":119,"end":123}},{"text":"the prior year","type":"EARNINGS_PERIOD","location":{"begin":136,"end":150}},{"text":"the second half of 2017","type":"EARNINGS_PERIOD","location":{"begin":155,"end":178}},{"text":"growth","type":"FINANCIAL_OUTCOME","location":{"begin":224,"end":230}},{"text":"the first half 2017","type":"EARNINGS_PERIOD","location":{"begin":256,"end":275}},{"text":"year to year","type":"EARNINGS_PERIOD","location":{"begin":280,"end":292}},{"text":"on-premise","type":"PRODUCT_SERVICE","location":{"begin":469,"end":479}},{"text":"IBM Z","type":"PRODUCT_SERVICE","location":{"begin":518,"end":523}},{"text":"banking","type":"PRODUCT_SERVICE","location":{"begin":546,"end":553}},{"text":"airlines","type":"PRODUCT_SERVICE","location":{"begin":555,"end":563}},{"text":"retail","type":"PRODUCT_SERVICE","location":{"begin":568,"end":574}}]}]