{
  "apikey": "---",
  "iam_apikey_description": "Auto generated apikey during resource-key operation for Instance - crn:v1:bluemix:public:pm-20:us-south:a/c138f33ea6e1ff967738771c7ebe6495:d05f6ead-c8a2-4d54-9cca-39e3488d3247::",
  "iam_apikey_name": "auto-generated-apikey-f74ec70a-b81a-40f5-80e9-f20fcb470884",
  "iam_role_crn": "crn:v1:bluemix:public:iam::::serviceRole:Writer",
  "iam_serviceid_crn": "crn:v1:bluemix:public:iam-identity::a/c138f33ea6e1ff967738771c7ebe6495::serviceid:ServiceId-23ce1c09-2188-427f-9990-e64030e84448",
  "instance_id": "---",
  "password": "---",
  "url": "https://us-south.ml.cloud.ibm.com",
  "username": "---"
}