<?xml version="1.0" encoding="iso-8859-1"?>
<styles mapname="Entity Class">
<style name="SPC" hotkey="3">{background-color:white; color:#A5A5A5;}</style>
<style name="NEG" hotkey="2">{background-color:#00FF7F; color:black;}</style>
<style name="GEN" hotkey="1">{background-color:#AAFFFF; color:black;}</style>
<defaultValues>
  <mention>
    <class>
      <value default="true">SPC</value>
    </class>
  </mention>
</defaultValues>
<noMentionClass>
  <type name="EMAIL"/>
  <type name="MEASURE"/>
  <type name="MONEY"/>
  <type name="ORDINAL"/>
  <type name="PERCENT"/>
  <type name="PHONE"/>
  <type name="TICKER"/>
  <type name="TITLEWORK"/>
  <type name="WEB"/>
</noMentionClass>
</styles>
