<?xml version="1.0" encoding="iso-8859-1"?>

<styles mapname="Entity Types">

<style name="AGE" hotkey="j">{background-color:lightpink; color:black;}</style>
<style name="ANIMAL" hotkey="h">{background-color:#550000; color:white;}</style>
<style name="AWARD" hotkey="a">{background-color:#AAFF00; color:black;}</style>
<style name="CARDINAL" hotkey="q">{background-color:#557F7F; color:yellow;}</style>
<style name="DATE" hotkey="d">{background-color:#007F7F; color:silver;}</style>
<style name="DEGREE" hotkey="G">{background-color:#D3D3D3; color:black;}</style>
<style name="DISEASE" hotkey="J">{background-color:#FF0000; color:black;}</style>
<style name="DURATION" hotkey="n">{background-color:green; color:white;}</style>
<style name="EMAIL" hotkey="-">{background-color:aquamarine; color:white;}</style>
<style name="EVENT" hotkey="K">{background-color:#AA7F7F; color:white;}</style>
<style name="EVENT_AWARD" hotkey="Y">{background-color:LightBlue; color:purple;}</style>
<style name="EVENT_BUSINESS" hotkey="B">{background-color:LightBlue; color:Magenta;}</style>
<style name="EVENT_COMMUNICATION" hotkey="C">{background-color:LightBlue; color:Black;}</style>
<style name="EVENT_CRIME" hotkey="-">{background-color:pink; color:yellow;}</style>
<style name="EVENT_CUSTODY" hotkey="U">{background-color:LightBlue; color:darkviolet;}</style>
<style name="EVENT_DEMONSTRATION" hotkey="A">{background-color:LightBlue; color:Brown;}</style>
<style name="EVENT_DISASTER" hotkey="D">{background-color:LightBlue; color:Red;}</style>
<style name="EVENT_EDUCATION" hotkey="T">{background-color:LightBlue; color:sienna;}</style>
<style name="EVENT_ELECTION" hotkey="-">{background-color:blue; color:white;}</style>
<style name="EVENT_LEGAL" hotkey="L">{background-color:LightGreen; color:White;}</style>
<style name="EVENT_LEGISLATION" hotkey="-">{background-color:LightBlue; color:DarkBlue;}</style>
<style name="EVENT_MEETING" hotkey="M">{background-color:LightGreen; color:Blue;}</style>
<style name="EVENT_PERFORMANCE" hotkey="P">{background-color:LightGreen; color:Chocolate;}</style>
<style name="EVENT_PERSONNEL" hotkey="N">{background-color:LightGreen; color:Black;}</style>
<style name="EVENT_SPORTS" hotkey="S">{background-color:LightGreen; color:Yellow;}</style>
<style name="EVENT_VIOLENCE" hotkey="V">{background-color:LightGreen; color:Red;}</style>
<style name="FACILITY" hotkey="f">{background-color:#007F00; color:LightPink;}</style>
<style name="FOOD" hotkey="F">{background-color:#FF7FFF; color:black;}</style>
<style name="GEOLOGICALOBJ" hotkey="g">{background-color:#00007F; color:white;}</style>
<style name="GPE" hotkey="X">{background-color:#557FFF; color:cyan;}</style>
<style name="LAW" hotkey="w">{background-color:#AAFF7F; color:black;}</style>
<style name="LOCATION" hotkey="l">{background-color:#AAFFFF; color:black;}</style>
<style name="MEASURE" hotkey="k">{background-color:#5500FF; color:LightSkyBlue;}</style>
<style name="MONEY" hotkey="m">{background-color:#00FFFF; color:black;}</style>
<style name="ORDINAL" hotkey="z">{background-color:#557F00; color:LightGrey;}</style>
<style name="ORGAN" hotkey="x">{background-color:#FF7F7F; color:black;}</style>
<style name="ORGANIZATION" hotkey="o">{background-color:#AA007F; color:white;}</style>
<style name="PEOPLE" hotkey="e">{background-color:#FF00FF; color:black;}</style>
<style name="PERSONPEOPLE" hotkey="-">{background-color:#FF00FF; color:black;}</style>
<style name="PERCENT" hotkey="b">{background-color:lemonchiffon; color:black;}</style>
<style name="PERSON" hotkey="p">{background-color:#00FF7F; color:black;}</style>
<style name="PHONE" hotkey="-">{background-color:thistle; color:black;}</style>
<style name="PLANT" hotkey="-">{background-color:#AA7FFF; color:white;}</style>
<style name="PRODUCT" hotkey="Q">{background-color:#55FFFF; color:black;}</style>
<style name="SUBSTANCE" hotkey="I">{background-color:#0000FF; color:white;}</style>
<style name="TICKER" hotkey="-">{background-color:#CDCDCD; color:black;}</style>
<style name="TIME" hotkey="t">{background-color:#00FF00; color:black;}</style>
<style name="TITLEWORK" hotkey="y">{background-color:#AA00FF; color:white;}</style>
<style name="VEHICLE" hotkey="H">{background-color:Orange; color:Black;}</style>
<style name="WEAPON" hotkey="W">{background-color:Pink; color:Black;}</style>
<style name="WEATHER" hotkey="R">{background-color:#FFFF00; color:black;}</style>
<style name="WEB" hotkey="Z">{background-color:#F08080; color:black;}</style>


<noCoref>
  <type name="EMAIL"/>
  <type name="MEASURE"/>
  <type name="PHONE"/>
</noCoref>

<noneMentionType>
  <type name="DATE"/>
  <type name="DURATION"/>
  <type name="EMAIL"/>
  <type name="MEASURE"/>
  <type name="MONEY"/>
  <type name="PHONE"/>
  <type name="TICKER"/>
  <type name="TIME"/>
</noneMentionType>

<roles>
  <etype name="AGE">
    <role>AGE</role>
    <role>PERSON</role>
  </etype>
  <etype name="ANIMAL">
    <role>ANIMAL</role>
    <role>PERSON</role>
    <role>PEOPLE</role>
    <role>PERSONPEOPLE</role>
  </etype>
  <etype name="AWARD">
    <role>AWARD</role>
    <role>PERSON</role>
    <role>EVENT_PERFORMANCE</role>
  </etype>
  <etype name="CARDINAL">
    <role>ANIMAL</role>
    <role>AWARD</role>
    <role>CARDINAL</role>
    <role>DEGREE</role>
    <role>DISEASE</role>
    <role>EMAIL</role>
    <role>EVENT</role>
    <role>EVENT_AWARD</role>
    <role>EVENT_BUSINESS</role>
    <role>EVENT_COMMUNICATION</role>
    <role>EVENT_CRIME</role>
    <role>EVENT_CUSTODY</role>
    <role>EVENT_DEMONSTRATION</role>
    <role>EVENT_DISASTER</role>
    <role>EVENT_EDUCATION</role>
    <role>EVENT_ELECTION</role>
    <role>EVENT_LEGAL</role>
    <role>EVENT_LEGISLATION</role>
    <role>EVENT_MEETING</role>
    <role>EVENT_PERFORMANCE</role>
    <role>EVENT_PERSONNEL</role>
    <role>EVENT_SPORTS</role>
    <role>EVENT_VIOLENCE</role>
    <role>FACILITY</role>
    <role>FOOD</role>
    <role>GEOLOGICALOBJ</role>
    <role>GPE</role>
    <role>LAW</role>
    <role>LOCATION</role>
    <role>MEASURE</role>
    <role>MONEY</role>
    <role>ORGAN</role>
    <role>ORGANIZATION</role>
    <role>PEOPLE</role>
    <role>PERSON</role>
    <role>PERSONPEOPLE</role>
    <role>PHONE</role>
    <role>PLANT</role>
    <role>PRODUCT</role>
    <role>SUBSTANCE</role>
    <role>TICKER</role>
    <role>TITLEWORK</role>
    <role>VEHICLE</role>
    <role>WEAPON</role>
    <role>WEATHER</role>
    <role>WEB</role> 
  </etype>
  <etype name="DATE">
    <role>DATE</role>
  </etype>
  <etype name="DEGREE">
    <role>DEGREE</role>
    <role>PERSON</role>
  </etype>
  <etype name="DISEASE">
    <role>DISEASE</role>
  </etype>
  <etype name="DURATION">
    <role>DURATION</role>
  </etype>
  <etype name="EMAIL">
    <role>EMAIL</role>
  </etype>
  <etype name="EVENT">
    <role>EVENT</role>
  </etype>
  <etype name="EVENT_AWARD">
    <role>EVENT_AWARD</role>
  </etype>
  <etype name="EVENT_BUSINESS">
    <role>EVENT_BUSINESS</role>
  </etype>
  <etype name="EVENT_COMMUNICATION">
    <role>EVENT_COMMUNICATION</role>
  </etype>
  <etype name="EVENT_CRIME">
    <role>EVENT_CRIME</role>
  </etype>
  <etype name="EVENT_CUSTODY">
    <role>EVENT_CUSTODY</role>
  </etype>
  <etype name="EVENT_DEMONSTRATION">
    <role>EVENT_DEMONSTRATION</role>
  </etype>
  <etype name="EVENT_DISASTER">
    <role>EVENT_DISASTER</role>
  </etype>
  <etype name="EVENT_EDUCATION">
    <role>EVENT_EDUCATION</role>
  </etype>
  <etype name="EVENT_ELECTION">
    <role>EVENT_ELECTION</role>
  </etype>
  <etype name="EVENT_LEGAL">
    <role>EVENT_LEGAL</role>
  </etype>
  <etype name="EVENT_LEGISLATION">
    <role>EVENT_LEGISLATION</role>
  </etype>
  <etype name="EVENT_MEETING">
    <role>EVENT_MEETING</role>
  </etype>
  <etype name="EVENT_PERFORMANCE">
    <role>EVENT_PERFORMANCE</role>
  </etype>
  <etype name="EVENT_PERSONNEL">
    <role>EVENT_PERSONNEL</role>
  </etype>
  <etype name="EVENT_SPORTS">
    <role>EVENT_SPORTS</role>
    <role>AWARD</role>
  </etype>
  <etype name="EVENT_VIOLENCE">
    <role>EVENT_VIOLENCE</role>
  </etype>
  <etype name="FACILITY">
    <role>FACILITY</role>
  </etype>
  <etype name="FOOD">
    <role>FOOD</role>
    <role>PRODUCT</role>
  </etype>
  <etype name="GEOLOGICALOBJ">
    <role>GEOLOGICALOBJ</role>
  </etype>
  <etype name="GPE">
    <role>GPE</role>
    <role>LOCATION</role>
    <role>ORGANIZATION</role>
    <role>PEOPLE</role>
    <role>PERSON</role>
    <role>PERSONPEOPLE</role>
  </etype>
  <etype name="LAW">
    <role>LAW</role>
    <role>AWARD</role>
  </etype>
  <etype name="LOCATION">
    <role>LOCATION</role>
  </etype>
  <etype name="MEASURE">
    <role>MEASURE</role>
  </etype>
  <etype name="MONEY">
    <role>MONEY</role>
    <role>AWARD</role>
  </etype>
  <etype name="ORDINAL">
    <role>ORDINAL</role>
    <role>ANIMAL</role>
    <role>AWARD</role>
    <role>DEGREE</role>
    <role>DISEASE</role>
    <role>EMAIL</role>
    <role>EVENT</role>
    <role>EVENT_AWARD</role>
    <role>EVENT_BUSINESS</role>
    <role>EVENT_COMMUNICATION</role>
    <role>EVENT_CRIME</role>
    <role>EVENT_CUSTODY</role>
    <role>EVENT_DEMONSTRATION</role>
    <role>EVENT_DISASTER</role>
    <role>EVENT_EDUCATION</role>
    <role>EVENT_ELECTION</role>
    <role>EVENT_LEGAL</role>
    <role>EVENT_LEGISLATION</role>
    <role>EVENT_MEETING</role>
    <role>EVENT_PERFORMANCE</role>
    <role>EVENT_PERSONNEL</role>
    <role>EVENT_SPORTS</role>
    <role>EVENT_VIOLENCE</role>
    <role>FACILITY</role>
    <role>FOOD</role>
    <role>GEOLOGICALOBJ</role>
    <role>GPE</role>
    <role>LAW</role>
    <role>LOCATION</role>
    <role>MEASURE</role>
    <role>MONEY</role>
    <role>ORGAN</role>
    <role>ORGANIZATION</role>
    <role>PEOPLE</role>
    <role>PERSON</role>
    <role>PERSONPEOPLE</role>
    <role>PHONE</role>
    <role>PLANT</role>
    <role>PRODUCT</role>
    <role>SUBSTANCE</role>
    <role>TICKER</role>
    <role>TITLEWORK</role>
    <role>VEHICLE</role>
    <role>WEAPON</role>
    <role>WEATHER</role>
    <role>WEB</role> 
  </etype>
  <etype name="ORGAN">
    <role>ORGAN</role>
  </etype>
  <etype name="ORGANIZATION">
    <role>ORGANIZATION</role>
    <role>FACILITY</role>
    <role>PEOPLE</role>
    <role>PRODUCT</role>
    <role>TICKER</role>
    <role>TITLEWORK</role>
  </etype>
  <etype name="PERCENT">
    <role>PERCENT</role>
    <role>ANIMAL</role>
    <role>AWARD</role>
    <role>DEGREE</role>
    <role>DISEASE</role>
    <role>EMAIL</role>
    <role>EVENT</role>
    <role>EVENT_AWARD</role>
    <role>EVENT_BUSINESS</role>
    <role>EVENT_COMMUNICATION</role>
    <role>EVENT_CRIME</role>
    <role>EVENT_CUSTODY</role>
    <role>EVENT_DEMONSTRATION</role>
    <role>EVENT_DISASTER</role>
    <role>EVENT_EDUCATION</role>
    <role>EVENT_ELECTION</role>
    <role>EVENT_LEGAL</role>
    <role>EVENT_LEGISLATION</role>
    <role>EVENT_MEETING</role>
    <role>EVENT_PERFORMANCE</role>
    <role>EVENT_PERSONNEL</role>
    <role>EVENT_SPORTS</role>
    <role>EVENT_VIOLENCE</role>
    <role>FACILITY</role>
    <role>FOOD</role>
    <role>GEOLOGICALOBJ</role>
    <role>GPE</role>
    <role>LAW</role>
    <role>LOCATION</role>
    <role>MEASURE</role>
    <role>MONEY</role>
    <role>ORGAN</role>
    <role>ORGANIZATION</role>
    <role>PEOPLE</role>
    <role>PERSON</role>
    <role>PERSONPEOPLE</role>
    <role>PHONE</role>
    <role>PLANT</role>
    <role>PRODUCT</role>
    <role>SUBSTANCE</role>
    <role>TICKER</role>
    <role>TITLEWORK</role>
    <role>VEHICLE</role>
    <role>WEAPON</role>
    <role>WEATHER</role>
    <role>WEB</role> 
  </etype>
  <etype name="PERSON">
    <role>PERSON</role>
    <role>OCCUPATION</role>
  </etype>
  <etype name="PERSONPEOPLE">
    <role>PERSONPEOPLE</role>
    <role>OCCUPATION</role>
  </etype>
  <etype name="PEOPLE">
    <role>PEOPLE</role>
    <role>OCCUPATION</role>
  </etype>
  <etype name="PHONE">
    <role>PHONE</role>
  </etype>
  <etype name="PLANT">
    <role>PLANT</role>
    <role>SUBSTANCE</role>
  </etype>
  <etype name="PRODUCT">
    <role>PRODUCT</role>
  </etype>
  <etype name="SUBSTANCE">
    <role>SUBSTANCE</role>
    <role>PRODUCT</role>
    <role>WEAPON</role>
  </etype>
  <etype name="TICKER">
    <role>TICKER</role>
  </etype>
  <etype name="TIME">
    <role>TIME</role>
  </etype>
  <etype name="TITLEWORK">
    <role>TITLEWORK</role>
    <role>PRODUCT</role>
  </etype>
  <etype name="VEHICLE">
    <role>VEHICLE</role>
    <role>PRODUCT</role>
    <role>WEAPON</role>
  </etype>
  <etype name="WEAPON">
    <role>WEAPON</role>
  </etype>
  <etype name="WEATHER">
    <role>WEATHER</role>
  </etype>
  <etype name="WEB">
    <role>WEB</role>
    <role>ORGANIZATION</role>
  </etype>
</roles>

<subtypes default="OTHER">
  <etype name="DATE">
    <subtype>STARTING</subtype>
    <subtype>ENDING</subtype>
    <subtype>RATE</subtype>
  </etype>
  <etype name="DURATION">
    <subtype>RATE</subtype>
  </etype>
  <etype name="GPE">
    <subtype>UNSPECIFIED</subtype>
    <subtype>AREA</subtype>
    <subtype>COUNTRY</subtype>
  </etype>
  <etype name="MONEY">
    <subtype>UNSPECIFIED</subtype>
    <subtype>WORTH</subtype>
    <subtype>GAINLOSS</subtype>
  </etype>
  <etype name="ORGANIZATION">
    <subtype>UNSPECIFIED</subtype>
    <subtype>MULTIGOV</subtype>
    <subtype>GOVERNMENT</subtype>
    <subtype>COMMERCIAL</subtype>
    <subtype>EDUCATIONAL</subtype>
    <subtype>POLITICAL</subtype>
    <subtype>RELIGIOUS</subtype>
    <subtype>SPORTS</subtype>
    <subtype>MILITARY</subtype>
  </etype>
  <etype name="TIME">
    <subtype>STARTING</subtype>
    <subtype>ENDING</subtype>
    <subtype>RATE</subtype>
  </etype>
  <etype name="TITLEWORK">
    <subtype>PUBLICATION</subtype>
  </etype>
</subtypes>

<defaultValues>
  <mention>
    <class>
      <value default="true">SPC</value>
      <value>NEG</value>
      <value>OTHER</value>
    </class>
  </mention>
</defaultValues>

</styles>

