[
{"request": {"fields": ["AGE", "SEX", "BP", "CHOLESTEROL", "NA", "K", "DRUG"], "values": [[55, "F", "LOW", "HIGH", 0.5764335169093147, 0.060777437211934515, "drugC"]]}, "response": {"fields": ["AGE", "SEX", "BP", "CHOLESTEROL", "NA", "K", "DRUG", "label", "SEX_IX", "BP_IX", "CHOL_IX", "features", "rawPrediction", "probability", "prediction", "predictedLabel"], "values": [[55, "F", "LOW", "HIGH", 0.5764335169093147, 0.060777437211934515, "drugC", 3.0, 1.0, 2.0, 0.0, [55.0, 1.0, 2.0, 0.0, 0.5764335169093147, 0.060777437211934515], [0.0, 0.0, 0.0, 7.0, 0.0], [0.0, 0.0, 0.0, 1.0, 0.0], 3.0, "drugC"]]}},
{"request": {"fields": ["AGE", "SEX", "BP", "CHOLESTEROL", "NA", "K", "DRUG"], "values": [[15, "M", "HIGH", "HIGH", 0.7316144230045796, 0.029236765313024486, "drugC"]]}, "response": {"fields": ["AGE", "SEX", "BP", "CHOLESTEROL", "NA", "K", "DRUG", "label", "SEX_IX", "BP_IX", "CHOL_IX", "features", "rawPrediction", "probability", "prediction", "predictedLabel"], "values": [[15, "M", "HIGH", "HIGH", 0.7316144230045796, 0.029236765313024486, "drugC", 3.0, 0.0, 0.0, 0.0, [15.0, 0.0, 0.0, 0.0, 0.7316144230045796, 0.029236765313024486], [53.0, 0.0, 0.0, 0.0, 0.0], [1.0, 0.0, 0.0, 0.0, 0.0], 0.0, "drugY"]]}},
{"request": {"fields": ["AGE", "SEX", "BP", "CHOLESTEROL", "NA", "K", "DRUG"], "values": [[24, "F", "HIGH", "NORMAL", 0.5567861031316008, 0.04778883564792394, "drugY"]]}, "response": {"fields": ["AGE", "SEX", "BP", "CHOLESTEROL", "NA", "K", "DRUG", "label", "SEX_IX", "BP_IX", "CHOL_IX", "features", "rawPrediction", "probability", "prediction", "predictedLabel"], "values": [[24, "F", "HIGH", "NORMAL", 0.5567861031316008, 0.04778883564792394, "drugY", 0.0, 1.0, 0.0, 1.0, [24.0, 1.0, 0.0, 1.0, 0.5567861031316008, 0.04778883564792394], [0.0, 0.0, 1.0, 0.0, 0.0], [0.0, 0.0, 1.0, 0.0, 0.0], 2.0, "drugA"]]}},
{"request": {"fields": ["AGE", "SEX", "BP", "CHOLESTEROL", "NA", "K", "DRUG"], "values": [[33, "F", "LOW", "NORMAL", 0.8771186432572684, 0.06207398802231713, "drugY"]]}, "response": {"fields": ["AGE", "SEX", "BP", "CHOLESTEROL", "NA", "K", "DRUG", "label", "SEX_IX", "BP_IX", "CHOL_IX", "features", "rawPrediction", "probability", "prediction", "predictedLabel"], "values": [[33, "F", "LOW", "NORMAL", 0.8771186432572684, 0.06207398802231713, "drugY", 0.0, 1.0, 2.0, 1.0, [33.0, 1.0, 2.0, 1.0, 0.8771186432572684, 0.06207398802231713], [0.0, 10.0, 0.0, 0.0, 0.0], [0.0, 1.0, 0.0, 0.0, 0.0], 1.0, "drugX"]]}},
{"request": {"fields": ["AGE", "SEX", "BP", "CHOLESTEROL", "NA", "K", "DRUG"], "values": [[37, "M", "LOW", "NORMAL", 0.6762032730064088, 0.06903083738683469, "drugY"]]}, "response": {"fields": ["AGE", "SEX", "BP", "CHOLESTEROL", "NA", "K", "DRUG", "label", "SEX_IX", "BP_IX", "CHOL_IX", "features", "rawPrediction", "probability", "prediction", "predictedLabel"], "values": [[37, "M", "LOW", "NORMAL", 0.6762032730064088, 0.06903083738683469, "drugY", 0.0, 0.0, 2.0, 1.0, [37.0, 0.0, 2.0, 1.0, 0.6762032730064088, 0.06903083738683469], [0.0, 10.0, 0.0, 0.0, 0.0], [0.0, 1.0, 0.0, 0.0, 0.0], 1.0, "drugX"]]}},
{"request": {"fields": ["AGE", "SEX", "BP", "CHOLESTEROL", "NA", "K", "DRUG"], "values": [[63, "F", "NORMAL", "HIGH", 0.8746912804571025, 0.02774663330607036, "drugC"]]}, "response": {"fields": ["AGE", "SEX", "BP", "CHOLESTEROL", "NA", "K", "DRUG", "label", "SEX_IX", "BP_IX", "CHOL_IX", "features", "rawPrediction", "probability", "prediction", "predictedLabel"], "values": [[63, "F", "NORMAL", "HIGH", 0.8746912804571025, 0.02774663330607036, "drugC", 3.0, 1.0, 1.0, 0.0, [63.0, 1.0, 1.0, 0.0, 0.8746912804571025, 0.02774663330607036], [53.0, 0.0, 0.0, 0.0, 0.0], [1.0, 0.0, 0.0, 0.0, 0.0], 0.0, "drugY"]]}},
{"request": {"fields": ["AGE", "SEX", "BP", "CHOLESTEROL", "NA", "K", "DRUG"], "values": [[45, "M", "NORMAL", "HIGH", 0.5156755963669483, 0.04090317947042005, "drugC"]]}, "response": {"fields": ["AGE", "SEX", "BP", "CHOLESTEROL", "NA", "K", "DRUG", "label", "SEX_IX", "BP_IX", "CHOL_IX", "features", "rawPrediction", "probability", "prediction", "predictedLabel"], "values": [[45, "M", "NORMAL", "HIGH", 0.5156755963669483, 0.04090317947042005, "drugC", 3.0, 0.0, 1.0, 0.0, [45.0, 0.0, 1.0, 0.0, 0.5156755963669483, 0.04090317947042005], [0.0, 4.0, 0.0, 0.0, 0.0], [0.0, 1.0, 0.0, 0.0, 0.0], 1.0, "drugX"]]}},
{"request": {"fields": ["AGE", "SEX", "BP", "CHOLESTEROL", "NA", "K", "DRUG"], "values": [[30, "M", "NORMAL", "HIGH", 0.8128062133579603, 0.05249455790297404, "drugC"]]}, "response": {"fields": ["AGE", "SEX", "BP", "CHOLESTEROL", "NA", "K", "DRUG", "label", "SEX_IX", "BP_IX", "CHOL_IX", "features", "rawPrediction", "probability", "prediction", "predictedLabel"], "values": [[30, "M", "NORMAL", "HIGH", 0.8128062133579603, 0.05249455790297404, "drugC", 3.0, 0.0, 1.0, 0.0, [30.0, 0.0, 1.0, 0.0, 0.8128062133579603, 0.05249455790297404], [0.0, 23.0, 0.0, 0.0, 0.0], [0.0, 1.0, 0.0, 0.0, 0.0], 1.0, "drugX"]]}},
{"request": {"fields": ["AGE", "SEX", "BP", "CHOLESTEROL", "NA", "K", "DRUG"], "values": [[50, "M", "NORMAL", "NORMAL", 0.5238901637501175, 0.04043972600459411, "drugB"]]}, "response": {"fields": ["AGE", "SEX", "BP", "CHOLESTEROL", "NA", "K", "DRUG", "label", "SEX_IX", "BP_IX", "CHOL_IX", "features", "rawPrediction", "probability", "prediction", "predictedLabel"], "values": [[50, "M", "NORMAL", "NORMAL", 0.5238901637501175, 0.04043972600459411, "drugB", 4.0, 0.0, 1.0, 1.0, [50.0, 0.0, 1.0, 1.0, 0.5238901637501175, 0.04043972600459411], [0.0, 4.0, 0.0, 0.0, 0.0], [0.0, 1.0, 0.0, 0.0, 0.0], 1.0, "drugX"]]}},
{"request": {"fields": ["AGE", "SEX", "BP", "CHOLESTEROL", "NA", "K", "DRUG"], "values": [[29, "M", "HIGH", "HIGH", 0.527402991428468, 0.040411751497262935, "drugC"]]}, "response": {"fields": ["AGE", "SEX", "BP", "CHOLESTEROL", "NA", "K", "DRUG", "label", "SEX_IX", "BP_IX", "CHOL_IX", "features", "rawPrediction", "probability", "prediction", "predictedLabel"], "values": [[29, "M", "HIGH", "HIGH", 0.527402991428468, 0.040411751497262935, "drugC", 3.0, 0.0, 0.0, 0.0, [29.0, 0.0, 0.0, 0.0, 0.527402991428468, 0.040411751497262935], [1.0, 0.0, 0.0, 0.0, 0.0], [1.0, 0.0, 0.0, 0.0, 0.0], 0.0, "drugY"]]}},

{"request": {"fields": ["AGE", "SEX", "BP", "CHOLESTEROL", "NA", "K", "DRUG"], "values": [[22, "M", "HIGH", "HIGH", 0.6476604244900589, 0.06382895253999067, "drugX"]]}, "response": {"fields": ["AGE", "SEX", "BP", "CHOLESTEROL", "NA", "K", "DRUG", "label", "SEX_IX", "BP_IX", "CHOL_IX", "features", "rawPrediction", "probability", "prediction", "predictedLabel"], "values": [[22, "M", "HIGH", "HIGH", 0.6476604244900589, 0.06382895253999067, "drugX", 1.0, 0.0, 0.0, 0.0, [22.0, 0.0, 0.0, 0.0, 0.6476604244900589, 0.06382895253999067], [0.0, 0.0, 15.0, 0.0, 0.0], [0.0, 0.0, 1.0, 0.0, 0.0], 2.0, "drugA"]]}},
{"request": {"fields": ["AGE", "SEX", "BP", "CHOLESTEROL", "NA", "K", "DRUG"], "values": [[57, "F", "NORMAL", "NORMAL", 0.6023170302148031, 0.025687399546500785, "drugY"]]}, "response": {"fields": ["AGE", "SEX", "BP", "CHOLESTEROL", "NA", "K", "DRUG", "label", "SEX_IX", "BP_IX", "CHOL_IX", "features", "rawPrediction", "probability", "prediction", "predictedLabel"], "values": [[57, "F", "NORMAL", "NORMAL", 0.6023170302148031, 0.025687399546500785, "drugY", 0.0, 1.0, 1.0, 1.0, [57.0, 1.0, 1.0, 1.0, 0.6023170302148031, 0.025687399546500785], [53.0, 0.0, 0.0, 0.0, 0.0], [1.0, 0.0, 0.0, 0.0, 0.0], 0.0, "drugY"]]}},
{"request": {"fields": ["AGE", "SEX", "BP", "CHOLESTEROL", "NA", "K", "DRUG"], "values": [[59, "F", "LOW", "NORMAL", 0.6126201613956163, 0.07085337001552851, "drugA"]]}, "response": {"fields": ["AGE", "SEX", "BP", "CHOLESTEROL", "NA", "K", "DRUG", "label", "SEX_IX", "BP_IX", "CHOL_IX", "features", "rawPrediction", "probability", "prediction", "predictedLabel"], "values": [[59, "F", "LOW", "NORMAL", 0.6126201613956163, 0.07085337001552851, "drugA", 2.0, 1.0, 2.0, 1.0, [59.0, 1.0, 2.0, 1.0, 0.6126201613956163, 0.07085337001552851], [0.0, 10.0, 0.0, 0.0, 0.0], [0.0, 1.0, 0.0, 0.0, 0.0], 1.0, "drugX"]]}},
{"request": {"fields": ["AGE", "SEX", "BP", "CHOLESTEROL", "NA", "K", "DRUG"], "values": [[58, "M", "HIGH", "NORMAL", 0.6708452692452218, 0.06774216081961358, "drugA"]]}, "response": {"fields": ["AGE", "SEX", "BP", "CHOLESTEROL", "NA", "K", "DRUG", "label", "SEX_IX", "BP_IX", "CHOL_IX", "features", "rawPrediction", "probability", "prediction", "predictedLabel"], "values": [[58, "M", "HIGH", "NORMAL", 0.6708452692452218, 0.06774216081961358, "drugA", 2.0, 0.0, 0.0, 1.0, [58.0, 0.0, 0.0, 1.0, 0.6708452692452218, 0.06774216081961358], [0.0, 0.0, 0.0, 0.0, 3.0], [0.0, 0.0, 0.0, 0.0, 1.0], 4.0, "drugB"]]}},
{"request": {"fields": ["AGE", "SEX", "BP", "CHOLESTEROL", "NA", "K", "DRUG"], "values": [[18, "M", "HIGH", "HIGH", 0.7338399419024548, 0.06371759224668345, "drugX"]]}, "response": {"fields": ["AGE", "SEX", "BP", "CHOLESTEROL", "NA", "K", "DRUG", "label", "SEX_IX", "BP_IX", "CHOL_IX", "features", "rawPrediction", "probability", "prediction", "predictedLabel"], "values": [[18, "M", "HIGH", "HIGH", 0.7338399419024548, 0.06371759224668345, "drugX", 1.0, 0.0, 0.0, 0.0, [18.0, 0.0, 0.0, 0.0, 0.7338399419024548, 0.06371759224668345], [0.0, 0.0, 15.0, 0.0, 0.0], [0.0, 0.0, 1.0, 0.0, 0.0], 2.0, "drugA"]]}},
{"request": {"fields": ["AGE", "SEX", "BP", "CHOLESTEROL", "NA", "K", "DRUG"], "values": [[69, "F", "LOW", "NORMAL", 0.637657764064934, 0.06748030310280252, "drugB"]]}, "response": {"fields": ["AGE", "SEX", "BP", "CHOLESTEROL", "NA", "K", "DRUG", "label", "SEX_IX", "BP_IX", "CHOL_IX", "features", "rawPrediction", "probability", "prediction", "predictedLabel"], "values": [[69, "F", "LOW", "NORMAL", 0.637657764064934, 0.06748030310280252, "drugB", 4.0, 1.0, 2.0, 1.0, [69.0, 1.0, 2.0, 1.0, 0.637657764064934, 0.06748030310280252], [0.0, 10.0, 0.0, 0.0, 0.0], [0.0, 1.0, 0.0, 0.0, 0.0], 1.0, "drugX"]]}},
{"request": {"fields": ["AGE", "SEX", "BP", "CHOLESTEROL", "NA", "K", "DRUG"], "values": [[57, "F", "LOW", "HIGH", 0.7642606983845377, 0.06501474863032419, "drugY"]]}, "response": {"fields": ["AGE", "SEX", "BP", "CHOLESTEROL", "NA", "K", "DRUG", "label", "SEX_IX", "BP_IX", "CHOL_IX", "features", "rawPrediction", "probability", "prediction", "predictedLabel"], "values": [[57, "F", "LOW", "HIGH", 0.7642606983845377, 0.06501474863032419, "drugY", 0.0, 1.0, 2.0, 0.0, [57.0, 1.0, 2.0, 0.0, 0.7642606983845377, 0.06501474863032419], [0.0, 0.0, 0.0, 7.0, 0.0], [0.0, 0.0, 0.0, 1.0, 0.0], 3.0, "drugC"]]}},
{"request": {"fields": ["AGE", "SEX", "BP", "CHOLESTEROL", "NA", "K", "DRUG"], "values": [[25, "M", "NORMAL", "NORMAL", 0.5778469385671492, 0.030823640921567044, "drugC"]]}, "response": {"fields": ["AGE", "SEX", "BP", "CHOLESTEROL", "NA", "K", "DRUG", "label", "SEX_IX", "BP_IX", "CHOL_IX", "features", "rawPrediction", "probability", "prediction", "predictedLabel"], "values": [[25, "M", "NORMAL", "NORMAL", 0.5778469385671492, 0.030823640921567044, "drugC", 3.0, 0.0, 1.0, 1.0, [25.0, 0.0, 1.0, 1.0, 0.5778469385671492, 0.030823640921567044], [53.0, 0.0, 0.0, 0.0, 0.0], [1.0, 0.0, 0.0, 0.0, 0.0], 0.0, "drugY"]]}},
{"request": {"fields": ["AGE", "SEX", "BP", "CHOLESTEROL", "NA", "K", "DRUG"], "values": [[59, "M", "HIGH", "HIGH", 0.6251569647182406, 0.07415300455020236, "drugY"]]}, "response": {"fields": ["AGE", "SEX", "BP", "CHOLESTEROL", "NA", "K", "DRUG", "label", "SEX_IX", "BP_IX", "CHOL_IX", "features", "rawPrediction", "probability", "prediction", "predictedLabel"], "values": [[59, "M", "HIGH", "HIGH", 0.6251569647182406, 0.07415300455020236, "drugY", 0.0, 0.0, 0.0, 0.0, [59.0, 0.0, 0.0, 0.0, 0.6251569647182406, 0.07415300455020236], [0.0, 0.0, 0.0, 0.0, 3.0], [0.0, 0.0, 0.0, 0.0, 1.0], 4.0, "drugB"]]}},
{"request": {"fields": ["AGE", "SEX", "BP", "CHOLESTEROL", "NA", "K", "DRUG"], "values": [[54, "M", "HIGH", "NORMAL", 0.7016002420739613, 0.052959223734933905, "drugC"]]}, "response": {"fields": ["AGE", "SEX", "BP", "CHOLESTEROL", "NA", "K", "DRUG", "label", "SEX_IX", "BP_IX", "CHOL_IX", "features", "rawPrediction", "probability", "prediction", "predictedLabel"], "values": [[54, "M", "HIGH", "NORMAL", 0.7016002420739613, 0.052959223734933905, "drugC", 3.0, 0.0, 0.0, 1.0, [54.0, 0.0, 0.0, 1.0, 0.7016002420739613, 0.052959223734933905], [0.0, 0.0, 0.0, 0.0, 3.0], [0.0, 0.0, 0.0, 0.0, 1.0], 4.0, "drugB"]]}}
]