[
{
    "metrics": [
        {
            "feature": "AGE",
            "majority": {
                "values": [
                    {
                        "value": [
                            49,
                            59
                        ],
                        "distribution": {
                            "49": [
                                {
                                    "count": 1,
                                    "label": 1,
                                    "is_favourable": "false"
                                }
                            ],
                            "51": [
                                {
                                    "count": 1,
                                    "label": 0,
                                    "is_favourable": "true"
                                }
                            ],
                            "53": [
                                {
                                    "count": 1,
                                    "label": 1,
                                    "is_favourable": "false"
                                }
                            ],
                            "57": [
                                {
                                    "count": 1,
                                    "label": 1,
                                    "is_favourable": "false"
                                },
                                {
                                    "count": 1,
                                    "label": 3,
                                    "is_favourable": "false"
                                }
                            ],
                            "58": [
                                {
                                    "count": 1,
                                    "label": 4,
                                    "is_favourable": "true"
                                }
                            ]
                        },
                        "fav_class_percent": 62.96296296296296
                    },
                    {
                        "value": [
                            60,
                            75
                        ],
                        "distribution": {
                            "60": [
                                {
                                    "count": 1,
                                    "label": 3,
                                    "is_favourable": "false"
                                },
                                {
                                    "count": 1,
                                    "label": 0,
                                    "is_favourable": "true"
                                }
                            ],
                            "61": [
                                {
                                    "count": 1,
                                    "label": 4,
                                    "is_favourable": "true"
                                }
                            ],
                            "62": [
                                {
                                    "count": 1,
                                    "label": 0,
                                    "is_favourable": "true"
                                }
                            ],
                            "67": [
                                {
                                    "count": 1,
                                    "label": 1,
                                    "is_favourable": "false"
                                }
                            ],
                            "68": [
                                {
                                    "count": 1,
                                    "label": 0,
                                    "is_favourable": "true"
                                }
                            ],
                            "69": [
                                {
                                    "count": 2,
                                    "label": 0,
                                    "is_favourable": "true"
                                }
                            ],
                            "70": [
                                {
                                    "count": 1,
                                    "label": 1,
                                    "is_favourable": "false"
                                }
                            ],
                            "71": [
                                {
                                    "count": 1,
                                    "label": 3,
                                    "is_favourable": "false"
                                }
                            ]
                        },
                        "fav_class_percent": 69.44444444444444
                    }
                ],
                "total_fav_percent": 66.66666666666666,
                "total_rows_percent": 78.75
            },
            "minority": {
                "values": [
                    {
                        "value": [
                            0,
                            48
                        ],
                        "is_biased": "true",
                        "distribution": {
                            "15": [
                                {
                                    "count": 1,
                                    "label": 0,
                                    "is_favourable": "true"
                                }
                            ],
                            "17": [
                                {
                                    "count": 1,
                                    "label": 2,
                                    "is_favourable": "false"
                                }
                            ],
                            "18": [
                                {
                                    "count": 1,
                                    "label": 1,
                                    "is_favourable": "false"
                                },
                                {
                                    "count": 1,
                                    "label": 2,
                                    "is_favourable": "false"
                                }
                            ],
                            "19": [
                                {
                                    "count": 1,
                                    "label": 0,
                                    "is_favourable": "true"
                                }
                            ],
                            "21": [
                                {
                                    "count": 1,
                                    "label": 1,
                                    "is_favourable": "false"
                                }
                            ],
                            "22": [
                                {
                                    "count": 1,
                                    "label": 2,
                                    "is_favourable": "false"
                                }
                            ],
                            "23": [
                                {
                                    "count": 1,
                                    "label": 2,
                                    "is_favourable": "false"
                                }
                            ],
                            "24": [
                                {
                                    "count": 1,
                                    "label": 0,
                                    "is_favourable": "true"
                                }
                            ],
                            "28": [
                                {
                                    "count": 1,
                                    "label": 0,
                                    "is_favourable": "true"
                                }
                            ],
                            "30": [
                                {
                                    "count": 2,
                                    "label": 0,
                                    "is_favourable": "true"
                                }
                            ],
                            "33": [
                                {
                                    "count": 1,
                                    "label": 1,
                                    "is_favourable": "false"
                                }
                            ],
                            "34": [
                                {
                                    "count": 1,
                                    "label": 0,
                                    "is_favourable": "true"
                                }
                            ],
                            "37": [
                                {
                                    "count": 1,
                                    "label": 0,
                                    "is_favourable": "true"
                                }
                            ],
                            "39": [
                                {
                                    "count": 1,
                                    "label": 0,
                                    "is_favourable": "true"
                                }
                            ],
                            "41": [
                                {
                                    "count": 1,
                                    "label": 2,
                                    "is_favourable": "false"
                                }
                            ],
                            "44": [
                                {
                                    "count": 2,
                                    "label": 1,
                                    "is_favourable": "false"
                                }
                            ],
                            "46": [
                                {
                                    "count": 1,
                                    "label": 0,
                                    "is_favourable": "true"
                                }
                            ],
                            "47": [
                                {
                                    "count": 1,
                                    "label": 0,
                                    "is_favourable": "true"
                                }
                            ]
                        },
                        "fairness_value": 0.643,
                        "fav_class_percent": 42.857142857142854
                    },
                    {
                        "value": [
                            76,
                            99
                        ],
                        "is_biased": "false",
                        "distribution": {
                            "78": [
                                {
                                    "count": 1,
                                    "label": 0,
                                    "is_favourable": "true"
                                }
                            ],
                            "80": [
                                {
                                    "count": 1,
                                    "label": 1,
                                    "is_favourable": "false"
                                }
                            ]
                        },
                        "fairness_value": 1.125,
                        "fav_class_percent": 75
                    }
                ],
                "total_fav_percent": 47.368421052631575,
                "total_rows_percent": 71.25
            },
            "bias_source": {
                "values": [
                    {
                        "range": "[55,56]",
                        "fav_percent": 100
                    },
                    {
                        "range": "[72,74]",
                        "fav_percent": 100
                    }
                ]
            }
        },
        {
            "feature": "SEX",
            "majority": {
                "values": [
                    {
                        "value": "M",
                        "distribution": {
                            "M": [
                                {
                                    "count": 8,
                                    "label": 1,
                                    "is_favourable": "false"
                                },
                                {
                                    "count": 4,
                                    "label": 2,
                                    "is_favourable": "false"
                                },
                                {
                                    "count": 9,
                                    "label": 0,
                                    "is_favourable": "true"
                                },
                                {
                                    "count": 1,
                                    "label": 3,
                                    "is_favourable": "false"
                                }
                            ]
                        },
                        "fav_class_percent": 50
                    }
                ],
                "total_fav_percent": 50,
                "total_rows_percent": 50
            },
            "minority": {
                "values": [
                    {
                        "value": "F",
                        "is_biased": "false",
                        "distribution": {
                            "F": [
                                {
                                    "count": 2,
                                    "label": 4,
                                    "is_favourable": "true"
                                },
                                {
                                    "count": 9,
                                    "label": 0,
                                    "is_favourable": "true"
                                },
                                {
                                    "count": 1,
                                    "label": 2,
                                    "is_favourable": "false"
                                },
                                {
                                    "count": 4,
                                    "label": 1,
                                    "is_favourable": "false"
                                },
                                {
                                    "count": 2,
                                    "label": 3,
                                    "is_favourable": "false"
                                }
                            ]
                        },
                        "fairness_value": 1.1,
                        "fav_class_percent": 55.00000000000001
                    }
                ],
            "total_fav_percent": 55.00000000000001,
            "total_rows_percent": 50
            }
        }
    ],
    "score_type": "desperate impact",
    "response_time": "5.415916",
    "rows_analyzed": 40,
    "perturbed_data_size": 40,
    "manual_labelling_store": "FM_Manual_Labeling_08600ad4_b416_4e31_887c_a416c3012b38"
},
{
    "metrics": [
        {
            "feature": "AGE",
            "majority": {
                "values": [
                    {
                        "value": [
                            49,
                            59
                        ],
                        "distribution": {
                            "52": [
                                {
                                    "count": 1,
                                    "label": 0,
                                    "is_favourable": "true"
                                }
                            ],
                            "55": [
                                {
                                    "count": 1,
                                    "label": 0,
                                    "is_favourable": "true"
                                }
                            ],
                            "56": [
                                {
                                    "count": 1,
                                    "label": 4,
                                    "is_favourable": "true"
                                }
                            ],
                            "57": [
                                {
                                    "count": 1,
                                    "label": 0,
                                    "is_favourable": "true"
                                }
                            ],
                            "58": [
                                {
                                    "count": 1,
                                    "label": 0,
                                    "is_favourable": "true"
                                }
                            ]
                        },
                        "fav_class_percent": 82.75862068965517
                    },
                    {
                        "value": [
                            60,
                            75
                        ],
                        "distribution": {
                            "60": [
                                {
                                    "count": 1,
                                    "label": 0,
                                    "is_favourable": "true"
                                }
                            ],
                            "61": [
                                {
                                    "count": 1,
                                    "label": 1,
                                    "is_favourable": "false"
                                }
                            ],
                            "64": [
                                {
                                    "count": 1,
                                    "label": 0,
                                    "is_favourable": "true"
                                }
                            ],
                            "66": [
                                {
                                    "count": 1,
                                    "label": 0,
                                    "is_favourable": "true"
                                },
                                {
                                    "count": 1,
                                    "label": 1,
                                    "is_favourable": "false"
                                }
                            ],
                            "69": [
                                {
                                    "count": 1,
                                    "label": 4,
                                    "is_favourable": "true"
                                }
                            ],
                            "72": [
                                {
                                    "count": 2,
                                    "label": 1,
                                    "is_favourable": "false"
                                }
                            ]
                        },
                        "fav_class_percent": 62.16216216216216
                    }
                ],
                "total_fav_percent": 71.21212121212122,
                "total_rows_percent": 82.5
            },
            "minority": {
                "values": [
                    {
                        "value": [
                            0,
                            48
                        ],
                        "is_biased": "true",
                        "distribution": {
                            "16": [
                                {
                                    "count": 1,
                                    "label": 3,
                                    "is_favourable": "false"
                                }
                            ],
                            "17": [
                                {
                                    "count": 1,
                                    "label": 1,
                                    "is_favourable": "false"
                                }
                            ],
                            "22": [
                                {
                                    "count": 1,
                                    "label": 0,
                                    "is_favourable": "true"
                                }
                            ],
                            "23": [
                                {
                                    "count": 1,
                                    "label": 0,
                                    "is_favourable": "true"
                                }
                            ],
                            "25": [
                                {
                                    "count": 1,
                                    "label": 0,
                                    "is_favourable": "true"
                                },
                                {
                                    "count": 1,
                                    "label": 1,
                                    "is_favourable": "false"
                                }
                            ],
                            "26": [
                                {
                                    "count": 1,
                                    "label": 0,
                                    "is_favourable": "true"
                                },
                                {
                                    "count": 1,
                                    "label": 2,
                                    "is_favourable": "false"
                                }
                            ],
                            "28": [
                                {
                                    "count": 1,
                                    "label": 1,
                                    "is_favourable": "false"
                                },
                                {
                                    "count": 1,
                                    "label": 0,
                                    "is_favourable": "true"
                                }
                            ],
                            "29": [
                                {
                                    "count": 1,
                                    "label": 0,
                                    "is_favourable": "true"
                                }
                            ],
                            "31": [
                                {
                                    "count": 1,
                                    "label": 0,
                                    "is_favourable": "true"
                                }
                            ],
                            "32": [
                                {
                                    "count": 1,
                                    "label": 0,
                                    "is_favourable": "true"
                                }
                            ],
                            "36": [
                                {
                                    "count": 1,
                                    "label": 0,
                                    "is_favourable": "true"
                                }
                            ],
                            "37": [
                                {
                                    "count": 1,
                                    "label": 0,
                                    "is_favourable": "true"
                                }
                            ],
                            "40": [
                                {
                                    "count": 1,
                                    "label": 2,
                                    "is_favourable": "false"
                                }
                            ],
                            "41": [
                                {
                                    "count": 1,
                                    "label": 1,
                                    "is_favourable": "false"
                                }
                            ],
                            "42": [
                                {
                                    "count": 2,
                                    "label": 0,
                                    "is_favourable": "true"
                                }
                            ],
                            "43": [
                                {
                                    "count": 1,
                                    "label": 0,
                                    "is_favourable": "true"
                                }
                            ],
                            "44": [
                                {
                                    "count": 1,
                                    "label": 1,
                                    "is_favourable": "false"
                                }
                            ],
                            "47": [
                                {
                                    "count": 1,
                                    "label": 0,
                                    "is_favourable": "true"
                                }
                            ]
                        },
                        "fairness_value": 0.556,
                        "fav_class_percent": 39.58333333333333
                    },
                    {
                        "value": [
                            76,
                            99
                        ],
                        "is_biased": "true",
                        "distribution": {
                            "77": [
                                {
                                    "count": 1,
                                    "label": 0,
                                    "is_favourable": "true"
                                }
                            ],
                            "80": [
                                {
                                    "count": 2,
                                    "label": 1,
                                    "is_favourable": "false"
                                }
                            ]
                        },
                        "fairness_value": 0.702,
                        "fav_class_percent": 50
                    }
                ],
                "total_fav_percent": 40.74074074074074,
                "total_rows_percent": 67.5
            },
            "bias_source": {
                "values": [
                    {
                        "range": "[0,8]",
                        "fav_percent": 0
                    },
                    {
                        "range": "[55,56]",
                        "fav_percent": 100
                    },
                    {
                        "range": "[69,71]",
                        "fav_percent": 100
                    }
                ]
            }
        },
        {
            "feature": "SEX",
            "majority": {
                "values": [
                    {
                        "value": "M",
                        "distribution": {
                            "M": [
                                {
                                    "count": 11,
                                    "label": 0,
                                    "is_favourable": "true"
                                },
                                {
                                    "count": 7,
                                    "label": 1,
                                    "is_favourable": "false"
                                },
                                {
                                    "count": 1,
                                    "label": 2,
                                    "is_favourable": "false"
                                },
                                {
                                    "count": 1,
                                    "label": 3,
                                    "is_favourable": "false"
                                }
                            ]
                        },
                        "fav_class_percent": 62.5
                    }
                ],
                "total_fav_percent": 62.5,
                "total_rows_percent": 50
            },
            "minority": {
                "values": [
                    {
                        "value": "F",
                        "is_biased": "false",
                        "distribution": {
                            "F": [
                                {
                                    "count": 11,
                                    "label": 0,
                                    "is_favourable": "true"
                                },
                                {
                                    "count": 2,
                                    "label": 4,
                                    "is_favourable": "true"
                                },
                                {
                                    "count": 2,
                                    "label": 2,
                                    "is_favourable": "false"
                                },
                                {
                                    "count": 5,
                                    "label": 1,
                                    "is_favourable": "false"
                                }
                            ]
                        },
                        "fairness_value": 0.92,
                        "fav_class_percent": 57.49999999999999
                    }
                ],
                "total_fav_percent": 57.49999999999999,
                "total_rows_percent": 50
            }
        }
    ],
    "score_type": "desperate impact",
    "response_time": "5.200659",
    "rows_analyzed": 40,
    "perturbed_data_size": 40,
    "manual_labelling_store": "FM_Manual_Labeling_6e89ef60_c47c_4664_8e02_66a9284dd6b1"
},
{
    "metrics": [
        {
            "feature": "AGE",
            "majority": {
                "values": [
                    {
                        "value": [
                            49,
                            59
                        ],
                        "distribution": {
                            "50": [
                                {
                                    "count": 2,
                                    "label": 1,
                                    "is_favourable": "false"
                                }
                            ],
                            "54": [
                                {
                                    "count": 2,
                                    "label": 4,
                                    "is_favourable": "true"
                                }
                            ],
                            "55": [
                                {
                                    "count": 2,
                                    "label": 3,
                                    "is_favourable": "false"
                                }
                            ],
                            "57": [
                                {
                                    "count": 2,
                                    "label": 3,
                                    "is_favourable": "false"
                                },
                                {
                                    "count": 2,
                                    "label": 0,
                                    "is_favourable": "true"
                                }
                            ],
                            "58": [
                                {
                                    "count": 2,
                                    "label": 4,
                                    "is_favourable": "true"
                                }
                            ]
                        },
                        "fav_class_percent": 64.70588235294117
                    },
                    {
                        "value": [
                            60,
                            75
                        ],
                        "distribution": {
                            "63": [
                                {
                                    "count": 2,
                                    "label": 0,
                                    "is_favourable": "true"
                                }
                            ],
                            "69": [
                                {
                                    "count": 2,
                                    "label": 1,
                                    "is_favourable": "false"
                                }
                            ]
                        },
                        "fav_class_percent": 61.53846153846154
                    }
                ],
                "total_fav_percent": 63.33333333333333,
                "total_rows_percent": 75
            },
            "minority": {
                "values": [
                    {
                        "value": [
                            0,
                            48
                        ],
                        "is_biased": "true",
                        "distribution": {
                            "15": [
                                {
                                    "count": 2,
                                    "label": 0,
                                    "is_favourable": "true"
                                }
                            ],
                            "18": [
                                {
                                    "count": 2,
                                    "label": 2,
                                    "is_favourable": "false"
                                }
                            ],
                            "22": [
                                {
                                    "count": 2,
                                    "label": 2,
                                    "is_favourable": "false"
                                }
                            ],
                            "24": [
                                {
                                    "count": 2,
                                    "label": 2,
                                    "is_favourable": "false"
                                }
                            ],
                            "25": [
                                {
                                    "count": 2,
                                    "label": 0,
                                    "is_favourable": "true"
                                }
                            ],
                            "29": [
                                {
                                    "count": 2,
                                    "label": 0,
                                    "is_favourable": "true"
                                }
                            ],
                            "30": [
                                {
                                    "count": 2,
                                    "label": 1,
                                    "is_favourable": "false"
                                }
                            ],
                            "33": [
                                {
                                    "count": 2,
                                    "label": 1,
                                    "is_favourable": "false"
                                }
                            ],
                            "37": [
                                {
                                    "count": 2,
                                    "label": 1,
                                    "is_favourable": "false"
                                }
                            ],
                            "45": [
                                {
                                    "count": 2,
                                    "label": 1,
                                    "is_favourable": "false"
                                }
                            ]
                        },
                        "fairness_value": 0.304,
                        "fav_class_percent": 19.230769230769234
                    },
                    {
                        "value": [
                            76,
                            99
                        ],
                        "is_biased": "false",
                        "distribution": {},
                        "fairness_value": 1.184,
                        "fav_class_percent": 75
                    }
                ],
                "total_fav_percent": 26.666666666666668,
                "total_rows_percent": 75
            },
            "bias_source": {
                "values": [
                    {
                        "range": "[36,44]",
                        "fav_percent": 0
                    },
                    {
                        "range": "[51,52]",
                        "fav_percent": 100
                    },
                    {
                        "range": "[72,74]",
                        "fav_percent": 100
                    }
                ]
            }
        },
        {
            "feature": "SEX",
            "majority": {
                "values": [
                    {
                        "value": "M",
                        "distribution": {
                            "M": [
                                {
                                    "count": 6,
                                    "label": 4,
                                    "is_favourable": "true"
                                },
                                {
                                    "count": 6,
                                    "label": 0,
                                    "is_favourable": "true"
                                },
                                {
                                    "count": 4,
                                    "label": 2,
                                    "is_favourable": "false"
                                },
                                {
                                    "count": 8,
                                    "label": 1,
                                    "is_favourable": "false"
                                }
                            ]
                        },
                        "fav_class_percent": 40
                    }
                ],
                "total_fav_percent": 40,
                "total_rows_percent": 50
            },
            "minority": {
                "values": [
                    {
                        "value": "F",
                        "is_biased": "false",
                        "distribution": {
                            "F": [
                                {
                                    "count": 4,
                                    "label": 3,
                                    "is_favourable": "false"
                                },
                                {
                                    "count": 6,
                                    "label": 1,
                                    "is_favourable": "false"
                                },
                                {
                                    "count": 4,
                                    "label": 0,
                                    "is_favourable": "true"
                                },
                                {
                                    "count": 2,
                                    "label": 2,
                                    "is_favourable": "false"
                                }
                            ]
                        },
                        "fairness_value": 1.125,
                        "fav_class_percent": 45
                    }
                ],
                "total_fav_percent": 45,
                "total_rows_percent": 50
            }
        }
    ],
    "score_type": "desperate impact",
    "response_time": "5.989572",
    "rows_analyzed": 40,
    "perturbed_data_size": 40,
    "manual_labelling_store": "FM_Manual_Labeling_6e89ef60_c47c_4664_8e02_66a9284dd6b1"
}
]
