{
  "name": "Drug model experiment",
  "description": "Defines model to predict drug for patient with heart disease",
  "framework": {
    "name": "mllib",
    "version": "2.1",
    "runtimes": [
      {
        "name": "spark",
        "version": "2.1"
      }
    ]
  },
  "training_data_reference": [
    {
      "name": "Drug training data",
      "connection": {
        "db": "BLUDB",
        "host": "dashdb-entry-yp-dal09-09.services.dal.bluemix.net",
        "username": "dash11348",
        "password": "G_2jp_K2avMY"
      },
      "source": {
        "tablename": "DRUG_TRAIN_DATA_UPDATED",
        "type": "dashdb"
      }
    }
  ],
  "author": {
    "name": "IBM",
    "email": ""
  }
}
